Position,Name + ID,Name,ID,Roster Position,Salary,Game Info,TeamAbbrev,AvgPointsPerGame
RP,Corbin Burnes (17427879),Corbin Burnes,17427879,P,11300,MIL@PHI 05/06/2021 01:05PM ET,MIL,30.12
SP,Jacob deGrom (17427880),Jacob deGrom,17427880,P,11100,NYM@STL 05/06/2021 01:15PM ET,NYM,38.75
SP,Aaron Nola (17427881),Aaron Nola,17427881,P,10900,MIL@PHI 05/06/2021 01:05PM ET,PHI,22.52
SP,Max Scherzer (17427882),Max Scherzer,17427882,P,10900,ATL@WAS 05/06/2021 04:05PM ET,WAS,24.88
RP,Framber Valdez (17427883),Framber Valdez,17427883,P,10600,HOU@NYY 05/06/2021 01:05PM ET,HOU,0
SP,Gerrit Cole (17427320),Gerrit Cole,17427320,P,10500,HOU@NYY 05/06/2021 01:05PM ET,NYY,32.66
SP,Shane Bieber (17427884),Shane Bieber,17427884,P,10100,CLE@KC 05/06/2021 02:10PM ET,CLE,30.05
SP,Zack Wheeler (17427321),Zack Wheeler,17427321,P,9600,MIL@PHI 05/06/2021 01:05PM ET,PHI,20
SP,Freddy Peralta (17427888),Freddy Peralta,17427888,P,9500,MIL@PHI 05/06/2021 01:05PM ET,MIL,20.54
SP,Justin Verlander (17427885),Justin Verlander,17427885,P,9500,HOU@NYY 05/06/2021 01:05PM ET,HOU,0
SP,Corey Kluber (17427886),Corey Kluber,17427886,P,9500,HOU@NYY 05/06/2021 01:05PM ET,NYY,14.49
SP,Luis Severino (17427887),Luis Severino,17427887,P,9500,HOU@NYY 05/06/2021 01:05PM ET,NYY,0
SP,Zach Eflin (17427889),Zach Eflin,17427889,P,9400,MIL@PHI 05/06/2021 01:05PM ET,PHI,17
SP,Brandon Woodruff (17427322),Brandon Woodruff,17427322,P,9300,MIL@PHI 05/06/2021 01:05PM ET,MIL,22.46
SP,Jordan Montgomery (17427890),Jordan Montgomery,17427890,P,9100,HOU@NYY 05/06/2021 01:05PM ET,NYY,13.02
SP,Cristian Javier (17427892),Cristian Javier,17427892,P,9100,HOU@NYY 05/06/2021 01:05PM ET,HOU,20.83
SP,Sean Manaea (17427891),Sean Manaea,17427891,P,9100,TOR@OAK 05/06/2021 03:37PM ET,OAK,18.02
SP,Jack Flaherty (17427894),Jack Flaherty,17427894,P,9000,NYM@STL 05/06/2021 01:15PM ET,STL,20.08
SP,Chris Bassitt (17427893),Chris Bassitt,17427893,P,9000,TOR@OAK 05/06/2021 03:37PM ET,OAK,17.14
SP,Zack Greinke (17427895),Zack Greinke,17427895,P,8900,HOU@NYY 05/06/2021 01:05PM ET,HOU,13.93
RP,Adrian Houser (17427896),Adrian Houser,17427896,P,8800,MIL@PHI 05/06/2021 01:05PM ET,MIL,11.83
SP,Danny Duffy (17427323),Danny Duffy,17427323,P,8800,CLE@KC 05/06/2021 02:10PM ET,KC,26.02
SP,J.A. Happ (17427897),J.A. Happ,17427897,P,8800,TEX@MIN 05/06/2021 01:10PM ET,MIN,15.35
SP,Eduardo Rodriguez (17427899),Eduardo Rodriguez,17427899,P,8700,DET@BOS 05/06/2021 01:10PM ET,BOS,19.52
SP,Domingo German (17427898),Domingo German,17427898,P,8700,HOU@NYY 05/06/2021 01:05PM ET,NYY,14.33
SP,Nick Pivetta (17427900),Nick Pivetta,17427900,P,8600,DET@BOS 05/06/2021 01:10PM ET,BOS,17.4
SP,Noah Syndergaard (17427901),Noah Syndergaard,17427901,P,8500,NYM@STL 05/06/2021 01:15PM ET,NYM,0
SP,Brett Anderson (17427902),Brett Anderson,17427902,P,8500,MIL@PHI 05/06/2021 01:05PM ET,MIL,8.45
SP,Stephen Strasburg (17427903),Stephen Strasburg,17427903,P,8500,ATL@WAS 05/06/2021 04:05PM ET,WAS,10.45
SP,Jose Berrios (17427904),Jose Berrios,17427904,P,8500,TEX@MIN 05/06/2021 01:10PM ET,MIN,20.42
SP,Marcus Stroman (17427905),Marcus Stroman,17427905,P,8400,NYM@STL 05/06/2021 01:15PM ET,NYM,18.89
SP,Nathan Eovaldi (17427324),Nathan Eovaldi,17427324,P,8400,DET@BOS 05/06/2021 01:10PM ET,BOS,17.37
SP,Kenta Maeda (17427906),Kenta Maeda,17427906,P,8400,TEX@MIN 05/06/2021 01:10PM ET,MIN,11.38
RP,Josh Lindblom (17427908),Josh Lindblom,17427908,P,8300,MIL@PHI 05/06/2021 01:05PM ET,MIL,-0.04
SP,Lance McCullers Jr. (17427325),Lance McCullers Jr.,17427325,P,8300,HOU@NYY 05/06/2021 01:05PM ET,HOU,17.76
SP,Jake Odorizzi (17427909),Jake Odorizzi,17427909,P,8300,HOU@NYY 05/06/2021 01:05PM ET,HOU,4.73
SP,Jesus Luzardo (17427907),Jesus Luzardo,17427907,P,8300,TOR@OAK 05/06/2021 03:37PM ET,OAK,10.67
SP,Steven Matz (17427910),Steven Matz,17427910,P,8300,TOR@OAK 05/06/2021 03:37PM ET,TOR,15.8
SP,Adam Wainwright (17427911),Adam Wainwright,17427911,P,8200,NYM@STL 05/06/2021 01:15PM ET,STL,15.39
SP,Aaron Civale (17427913),Aaron Civale,17427913,P,8200,CLE@KC 05/06/2021 02:10PM ET,CLE,17.78
SP,Frankie Montas (17427912),Frankie Montas,17427912,P,8200,TOR@OAK 05/06/2021 03:37PM ET,OAK,11.9
SP,Ian Anderson (17427914),Ian Anderson,17427914,P,8100,ATL@WAS 05/06/2021 04:05PM ET,ATL,17.71
SP,Huascar Ynoa (17427915),Huascar Ynoa,17427915,P,8100,ATL@WAS 05/06/2021 04:05PM ET,ATL,18.38
SP,Chase Anderson (17427918),Chase Anderson,17427918,P,8000,MIL@PHI 05/06/2021 01:05PM ET,PHI,7.98
SP,Chris Sale (17427917),Chris Sale,17427917,P,8000,DET@BOS 05/06/2021 01:10PM ET,BOS,0
SP,Jose Urquidy (17427916),Jose Urquidy,17427916,P,8000,HOU@NYY 05/06/2021 01:05PM ET,HOU,14.42
RP,Kent Emanuel (17427919),Kent Emanuel,17427919,P,8000,HOU@NYY 05/06/2021 01:05PM ET,HOU,12.6
RP,Luis Garcia (17427920),Luis Garcia,17427920,P,8000,HOU@NYY 05/06/2021 01:05PM ET,HOU,12.78
SP,Carlos Carrasco (17427921),Carlos Carrasco,17427921,P,7900,NYM@STL 05/06/2021 01:15PM ET,NYM,0
SP,Hyun Jin Ryu (17427326),Hyun Jin Ryu,17427326,P,7900,TOR@OAK 05/06/2021 03:37PM ET,TOR,16.97
SP,Kyle Wright (17427922),Kyle Wright,17427922,P,7800,ATL@WAS 05/06/2021 04:05PM ET,ATL,10.35
RP,Ross Stripling (17427923),Ross Stripling,17427923,P,7800,TOR@OAK 05/06/2021 03:37PM ET,TOR,8.43
SP,Eric Lauer (17427925),Eric Lauer,17427925,P,7700,MIL@PHI 05/06/2021 01:05PM ET,MIL,18.18
SP,Garrett Richards (17427924),Garrett Richards,17427924,P,7700,DET@BOS 05/06/2021 01:10PM ET,BOS,12.02
SP,Cole Irvin (17427926),Cole Irvin,17427926,P,7600,TOR@OAK 05/06/2021 03:37PM ET,OAK,18.26
RP,Zach Plesac (17427927),Zach Plesac,17427927,P,7500,CLE@KC 05/06/2021 02:10PM ET,CLE,11.77
SP,Michael Pineda (17427327),Michael Pineda,17427327,P,7500,TEX@MIN 05/06/2021 01:10PM ET,MIN,18.9
SP,David Peterson (17427929),David Peterson,17427929,P,7400,NYM@STL 05/06/2021 01:15PM ET,NYM,14.55
SP,Charlie Morton (17427928),Charlie Morton,17427928,P,7400,ATL@WAS 05/06/2021 04:05PM ET,ATL,16.22
SP,Drew Smyly (17427328),Drew Smyly,17427328,P,7200,ATL@WAS 05/06/2021 04:05PM ET,ATL,6.84
SP,Kyle Gibson (17427931),Kyle Gibson,17427931,P,7200,TEX@MIN 05/06/2021 01:10PM ET,TEX,18.09
SP,Robbie Ray (17427930),Robbie Ray,17427930,P,7200,TOR@OAK 05/06/2021 03:37PM ET,TOR,17.34
RP,John Gant (17427329),John Gant,17427329,P,7100,NYM@STL 05/06/2021 01:15PM ET,STL,13.65
SP,Taijuan Walker (17427330),Taijuan Walker,17427330,P,7000,NYM@STL 05/06/2021 01:15PM ET,NYM,13.29
SP,Miles Mikolas (17427935),Miles Mikolas,17427935,P,7000,NYM@STL 05/06/2021 01:15PM ET,STL,0
RP,Kwang Hyun Kim (17427936),Kwang Hyun Kim,17427936,P,7000,NYM@STL 05/06/2021 01:15PM ET,STL,15.12
RP,Dakota Hudson (17427937),Dakota Hudson,17427937,P,7000,NYM@STL 05/06/2021 01:15PM ET,STL,0
SP,Carlos Martinez (17427939),Carlos Martinez,17427939,P,7000,NYM@STL 05/06/2021 01:15PM ET,STL,12.52
SP,Zack Godley (17427933),Zack Godley,17427933,P,7000,MIL@PHI 05/06/2021 01:05PM ET,MIL,6.55
SP,Vince Velasquez (17427938),Vince Velasquez,17427938,P,7000,MIL@PHI 05/06/2021 01:05PM ET,PHI,9.21
SP,Matt Moore (17427940),Matt Moore,17427940,P,7000,MIL@PHI 05/06/2021 01:05PM ET,PHI,3.2
SP,Jordan Zimmermann (17427944),Jordan Zimmermann,17427944,P,7000,MIL@PHI 05/06/2021 01:05PM ET,MIL,-6.55
SP,Patrick Corbin (17427934),Patrick Corbin,17427934,P,7000,ATL@WAS 05/06/2021 04:05PM ET,WAS,4.94
SP,Joe Ross (17427941),Joe Ross,17427941,P,7000,ATL@WAS 05/06/2021 04:05PM ET,WAS,12.6
SP,Erick Fedde (17427942),Erick Fedde,17427942,P,7000,ATL@WAS 05/06/2021 04:05PM ET,WAS,11.88
SP,Martin Perez (17427943),Martin Perez,17427943,P,7000,DET@BOS 05/06/2021 01:10PM ET,BOS,10.72
SP,Jameson Taillon (17427932),Jameson Taillon,17427932,P,7000,HOU@NYY 05/06/2021 01:05PM ET,NYY,13.77
SP,Tanner Houck (17427945),Tanner Houck,17427945,P,6900,DET@BOS 05/06/2021 01:10PM ET,BOS,9.42
SP,Spencer Turnbull (17427331),Spencer Turnbull,17427331,P,6800,DET@BOS 05/06/2021 01:10PM ET,DET,12.4
SP,Mike Minor (17427946),Mike Minor,17427946,P,6800,CLE@KC 05/06/2021 02:10PM ET,KC,12.76
SP,Johan Oviedo (17427947),Johan Oviedo,17427947,P,6700,NYM@STL 05/06/2021 01:15PM ET,STL,11.25
SP,Triston McKenzie (17427332),Triston McKenzie,17427332,P,6600,CLE@KC 05/06/2021 02:10PM ET,CLE,10.96
SP,Tanner Roark (17427948),Tanner Roark,17427948,P,6600,TOR@OAK 05/06/2021 03:37PM ET,TOR,3.45
SP,Joey Lucchesi (17427949),Joey Lucchesi,17427949,P,6500,NYM@STL 05/06/2021 01:15PM ET,NYM,3.3
SP,Sean Newcomb (17427950),Sean Newcomb,17427950,P,6500,ATL@WAS 05/06/2021 04:05PM ET,ATL,3.69
SP,Mike Soroka (17427951),Mike Soroka,17427951,P,6500,ATL@WAS 05/06/2021 04:05PM ET,ATL,0
SP,Jon Lester (17427333),Jon Lester,17427333,P,6400,ATL@WAS 05/06/2021 04:05PM ET,WAS,9.05
SP,Bryse Wilson (17427952),Bryse Wilson,17427952,P,6400,ATL@WAS 05/06/2021 04:05PM ET,ATL,3.73
SP,Max Fried (17427953),Max Fried,17427953,P,6400,ATL@WAS 05/06/2021 04:05PM ET,ATL,7.1
SP,Matt Shoemaker (17427954),Matt Shoemaker,17427954,P,6400,TEX@MIN 05/06/2021 01:10PM ET,MIN,4.31
SP,Wade LeBlanc (17427956),Wade LeBlanc,17427956,P,6300,MIL@PHI 05/06/2021 01:05PM ET,MIL,0.87
RP,Logan Allen (17427955),Logan Allen,17427955,P,6300,CLE@KC 05/06/2021 02:10PM ET,CLE,2.37
SP,Jakob Junis (17427957),Jakob Junis,17427957,P,6200,CLE@KC 05/06/2021 02:10PM ET,KC,8.84
SP,Mike Fiers (17427334),Mike Fiers,17427334,P,6200,TOR@OAK 05/06/2021 03:37PM ET,OAK,8.7
SP,Matthew Boyd (17427958),Matthew Boyd,17427958,P,6100,DET@BOS 05/06/2021 01:10PM ET,DET,16.11
RP,Brandon Bielak (17427961),Brandon Bielak,17427961,P,6000,HOU@NYY 05/06/2021 01:05PM ET,HOU,6.23
SP,Dane Dunning (17427963),Dane Dunning,17427963,P,6000,TEX@MIN 05/06/2021 01:10PM ET,TEX,13.56
SP,Anthony Kay (17427959),Anthony Kay,17427959,P,6000,TOR@OAK 05/06/2021 03:37PM ET,TOR,3.35
RP,T.J. Zeuch (17427960),T.J. Zeuch,17427960,P,6000,TOR@OAK 05/06/2021 03:37PM ET,TOR,1.8
SP,Nate Pearson (17427962),Nate Pearson,17427962,P,6000,TOR@OAK 05/06/2021 03:37PM ET,TOR,0
SP,Michael Fulmer (17427964),Michael Fulmer,17427964,P,5900,DET@BOS 05/06/2021 01:10PM ET,DET,6.45
SP,Jose Urena (17427965),Jose Urena,17427965,P,5800,DET@BOS 05/06/2021 01:10PM ET,DET,14.21
OF,Byron Buxton (17427336),Byron Buxton,17427336,OF,5800,TEX@MIN 05/06/2021 01:10PM ET,MIN,12.35
SP,Thomas Hatch (17427966),Thomas Hatch,17427966,P,5800,TOR@OAK 05/06/2021 03:37PM ET,TOR,0
SP,Julio Teheran (17427967),Julio Teheran,17427967,P,5700,DET@BOS 05/06/2021 01:10PM ET,DET,15.05
3B,Jose Ramirez (17427337),Jose Ramirez,17427337,3B,5700,CLE@KC 05/06/2021 02:10PM ET,CLE,10.17
1B,Freddie Freeman (17427338),Freddie Freeman,17427338,1B,5600,ATL@WAS 05/06/2021 04:05PM ET,ATL,7.93
SP,Casey Mize (17427968),Casey Mize,17427968,P,5600,DET@BOS 05/06/2021 01:10PM ET,DET,9.48
RP,Jordan Lyles (17427335),Jordan Lyles,17427335,P,5600,TEX@MIN 05/06/2021 01:10PM ET,TEX,6.57
OF,Ronald Acuna Jr. (17427339),Ronald Acuna Jr.,17427339,OF,5500,ATL@WAS 05/06/2021 04:05PM ET,ATL,12.39
SP,Tarik Skubal (17427969),Tarik Skubal,17427969,P,5500,DET@BOS 05/06/2021 01:10PM ET,DET,5.45
SP,Daniel Norris (17427971),Daniel Norris,17427971,P,5500,DET@BOS 05/06/2021 01:10PM ET,DET,1.13
RP,Sam Hentges (17427970),Sam Hentges,17427970,P,5500,CLE@KC 05/06/2021 02:10PM ET,CLE,5.16
1B,Vladimir Guerrero Jr. (17427340),Vladimir Guerrero Jr.,17427340,1B,5500,TOR@OAK 05/06/2021 03:37PM ET,TOR,10.55
OF,Bryce Harper (17427341),Bryce Harper,17427341,OF,5400,MIL@PHI 05/06/2021 01:05PM ET,PHI,9.96
SP,Derek Holland (17427973),Derek Holland,17427973,P,5400,DET@BOS 05/06/2021 01:10PM ET,DET,-0.12
SP,Brady Singer (17427972),Brady Singer,17427972,P,5400,CLE@KC 05/06/2021 02:10PM ET,KC,13.84
SS,Bo Bichette (17427342),Bo Bichette,17427342,SS,5400,TOR@OAK 05/06/2021 03:37PM ET,TOR,9.28
1B,Paul Goldschmidt (17427344),Paul Goldschmidt,17427344,1B,5300,NYM@STL 05/06/2021 01:15PM ET,STL,7.18
SS,Trea Turner (17427345),Trea Turner,17427345,SS,5300,ATL@WAS 05/06/2021 04:05PM ET,WAS,9.85
SP,Tyler Alexander (17427974),Tyler Alexander,17427974,P,5300,DET@BOS 05/06/2021 01:10PM ET,DET,4.38
OF,Nelson Cruz (17427343),Nelson Cruz,17427343,OF,5300,TEX@MIN 05/06/2021 01:10PM ET,MIN,9.11
SP,Mike Foltynewicz (17427976),Mike Foltynewicz,17427976,P,5300,TEX@MIN 05/06/2021 01:10PM ET,TEX,13.77
SP,Trent Thornton (17427975),Trent Thornton,17427975,P,5300,TOR@OAK 05/06/2021 03:37PM ET,TOR,4.86
1B,Pete Alonso (17427346),Pete Alonso,17427346,1B,5200,NYM@STL 05/06/2021 01:15PM ET,NYM,8.46
3B,Rafael Devers (17427347),Rafael Devers,17427347,3B,5200,DET@BOS 05/06/2021 01:10PM ET,BOS,9.32
OF,J.D. Martinez (17427348),J.D. Martinez,17427348,OF,5200,DET@BOS 05/06/2021 01:10PM ET,BOS,11.93
SS,Xander Bogaerts (17427350),Xander Bogaerts,17427350,SS,5100,DET@BOS 05/06/2021 01:10PM ET,BOS,9.52
2B,Whit Merrifield (17427351),Whit Merrifield,17427351,2B,5100,CLE@KC 05/06/2021 02:10PM ET,KC,9.90
SP,Daniel Lynch (17427977),Daniel Lynch,17427977,P,5100,CLE@KC 05/06/2021 02:10PM ET,KC,5.7
3B,Josh Donaldson (17427352),Josh Donaldson,17427352,3B,5100,TEX@MIN 05/06/2021 01:10PM ET,MIN,6.44
RP,Hyeon-Jong Yang (17427978),Hyeon-Jong Yang,17427978,P,5100,TEX@MIN 05/06/2021 01:10PM ET,TEX,13.27
OF,George Springer (17427349),George Springer,17427349,OF,5100,TOR@OAK 05/06/2021 03:37PM ET,TOR,11
SS,Francisco Lindor (17427357),Francisco Lindor,17427357,SS,5000,NYM@STL 05/06/2021 01:15PM ET,NYM,4.65
C,J.T. Realmuto (17427355),J.T. Realmuto,17427355,C,5000,MIL@PHI 05/06/2021 01:05PM ET,PHI,6.76
OF,Juan Soto (17427356),Juan Soto,17427356,OF,5000,ATL@WAS 05/06/2021 04:05PM ET,WAS,7.88
1B/3B,DJ LeMahieu (17427353),DJ LeMahieu,17427353,1B/3B,5000,HOU@NYY 05/06/2021 01:05PM ET,NYY,7.18
SP,Kohei Arihara (17427979),Kohei Arihara,17427979,P,5000,TEX@MIN 05/06/2021 01:10PM ET,TEX,6.34
3B,Nolan Arenado (17427358),Nolan Arenado,17427358,3B,4900,NYM@STL 05/06/2021 01:15PM ET,STL,8.03
1B,Rhys Hoskins (17427359),Rhys Hoskins,17427359,1B,4900,MIL@PHI 05/06/2021 01:05PM ET,PHI,8.26
OF,Aaron Judge (17427362),Aaron Judge,17427362,OF,4900,HOU@NYY 05/06/2021 01:05PM ET,NYY,8.30
SP,Brad Keller (17427980),Brad Keller,17427980,P,4900,CLE@KC 05/06/2021 02:10PM ET,KC,3.28
2B/SS,Jorge Polanco (17427360),Jorge Polanco,17427360,2B/SS,4900,TEX@MIN 05/06/2021 01:10PM ET,MIN,6.11
C,Mitch Garver (17427363),Mitch Garver,17427363,C,4900,TEX@MIN 05/06/2021 01:10PM ET,MIN,6.5
OF,Christian Yelich (17427563),Christian Yelich,17427563,OF,4800,MIL@PHI 05/06/2021 01:05PM ET,MIL,8
OF,Marcell Ozuna (17427366),Marcell Ozuna,17427366,OF,4800,ATL@WAS 05/06/2021 04:05PM ET,ATL,6.33
C,Salvador Perez (17427364),Salvador Perez,17427364,C,4800,CLE@KC 05/06/2021 02:10PM ET,KC,8.21
1B,Carlos Santana (17427365),Carlos Santana,17427365,1B,4800,CLE@KC 05/06/2021 02:10PM ET,KC,8.55
2B,Ozzie Albies (17427368),Ozzie Albies,17427368,2B,4700,ATL@WAS 05/06/2021 04:05PM ET,ATL,7.79
C,Travis d'Arnaud (17427564),Travis d'Arnaud,17427564,C,4700,ATL@WAS 05/06/2021 04:05PM ET,ATL,5.04
SS,Carlos Correa (17427367),Carlos Correa,17427367,SS,4700,HOU@NYY 05/06/2021 01:05PM ET,HOU,7.24
SP,Kolby Allard (17427981),Kolby Allard,17427981,P,4700,TEX@MIN 05/06/2021 01:10PM ET,TEX,7.32
OF,Ramon Laureano (17427369),Ramon Laureano,17427369,OF,4700,TOR@OAK 05/06/2021 03:37PM ET,OAK,9.86
2B/OF,Tommy Edman (17427370),Tommy Edman,17427370,2B/OF,4600,NYM@STL 05/06/2021 01:15PM ET,STL,7.63
2B/SS,Marcus Semien (17427372),Marcus Semien,17427372,2B/SS,4600,TOR@OAK 05/06/2021 03:37PM ET,TOR,8.07
1B,Yuli Gurriel (17427374),Yuli Gurriel,17427374,1B,4500,HOU@NYY 05/06/2021 01:05PM ET,HOU,8.52
C,Gary Sanchez (17427375),Gary Sanchez,17427375,C,4500,HOU@NYY 05/06/2021 01:05PM ET,NYY,5.15
3B,Alex Bregman (17427377),Alex Bregman,17427377,3B,4500,HOU@NYY 05/06/2021 01:05PM ET,HOU,8.33
2B,Jose Altuve (17427378),Jose Altuve,17427378,2B,4500,HOU@NYY 05/06/2021 01:05PM ET,HOU,6.8
OF,Franmil Reyes (17427376),Franmil Reyes,17427376,OF,4500,CLE@KC 05/06/2021 02:10PM ET,CLE,9.42
SP,Kyle Cody (17427982),Kyle Cody,17427982,P,4500,TEX@MIN 05/06/2021 01:10PM ET,TEX,2.99
2B,Jeff McNeil (17427379),Jeff McNeil,17427379,2B,4400,NYM@STL 05/06/2021 01:15PM ET,NYM,5.44
C,Yadier Molina (17427566),Yadier Molina,17427566,C,4400,NYM@STL 05/06/2021 01:15PM ET,STL,9.05
1B,Renato Nunez (17427565),Renato Nunez,17427565,1B,4400,DET@BOS 05/06/2021 01:10PM ET,DET,7.14
SS,Gleyber Torres (17427380),Gleyber Torres,17427380,SS,4400,HOU@NYY 05/06/2021 01:05PM ET,NYY,5.75
OF,Giancarlo Stanton (17427381),Giancarlo Stanton,17427381,OF,4400,HOU@NYY 05/06/2021 01:05PM ET,NYY,9.81
SS,Paul DeJong (17427382),Paul DeJong,17427382,SS,4300,NYM@STL 05/06/2021 01:15PM ET,STL,6.75
2B,Nick Solak (17427384),Nick Solak,17427384,2B,4300,TEX@MIN 05/06/2021 01:10PM ET,TEX,8.47
3B,Matt Chapman (17427383),Matt Chapman,17427383,3B,4300,TOR@OAK 05/06/2021 03:37PM ET,OAK,6.53
OF,Mark Canha (17427385),Mark Canha,17427385,OF,4300,TOR@OAK 05/06/2021 03:37PM ET,OAK,8.58
OF,Andrew McCutchen (17427388),Andrew McCutchen,17427388,OF,4200,MIL@PHI 05/06/2021 01:05PM ET,PHI,6.56
1B,Ryan Zimmerman (17427387),Ryan Zimmerman,17427387,1B,4200,ATL@WAS 05/06/2021 04:05PM ET,WAS,6.28
OF,Alex Verdugo (17427389),Alex Verdugo,17427389,OF,4200,DET@BOS 05/06/2021 01:10PM ET,BOS,8.82
C,Christian Vazquez (17427390),Christian Vazquez,17427390,C,4200,DET@BOS 05/06/2021 01:10PM ET,BOS,6.81
SS,Isiah Kiner-Falefa (17427386),Isiah Kiner-Falefa,17427386,SS,4200,TEX@MIN 05/06/2021 01:10PM ET,TEX,8.34
OF,Dominic Smith (17427395),Dominic Smith,17427395,OF,4100,NYM@STL 05/06/2021 01:15PM ET,NYM,5.27
1B,Josh Bell (17427392),Josh Bell,17427392,1B,4100,ATL@WAS 05/06/2021 04:05PM ET,WAS,6.06
SS,Dansby Swanson (17427396),Dansby Swanson,17427396,SS,4100,ATL@WAS 05/06/2021 04:05PM ET,ATL,5.1
OF,Michael Brantley (17427394),Michael Brantley,17427394,OF,4100,HOU@NYY 05/06/2021 01:05PM ET,HOU,7.96
C,Sean Murphy (17427391),Sean Murphy,17427391,C,4100,TOR@OAK 05/06/2021 03:37PM ET,OAK,6.5
2B,Jed Lowrie (17427393),Jed Lowrie,17427393,2B,4100,TOR@OAK 05/06/2021 03:37PM ET,OAK,7.63
SP,Corey Oswalt (17427986),Corey Oswalt,17427986,P,4000,NYM@STL 05/06/2021 01:15PM ET,NYM,0
RP,Seth Lugo (17427989),Seth Lugo,17427989,P,4000,NYM@STL 05/06/2021 01:15PM ET,NYM,0
RP,Daniel Ponce de Leon (17427994),Daniel Ponce de Leon,17427994,P,4000,NYM@STL 05/06/2021 01:15PM ET,STL,0.41
SP,Jordan Yamamoto (17427996),Jordan Yamamoto,17427996,P,4000,NYM@STL 05/06/2021 01:15PM ET,NYM,7
RP,Robert Gsellman (17428013),Robert Gsellman,17428013,P,4000,NYM@STL 05/06/2021 01:15PM ET,NYM,3.02
RP,Junior Fernandez (17428039),Junior Fernandez,17428039,P,4000,NYM@STL 05/06/2021 01:15PM ET,STL,0
SP,Sam McWilliams (17428054),Sam McWilliams,17428054,P,4000,NYM@STL 05/06/2021 01:15PM ET,NYM,0
SP,Matthew Liberatore (17428057),Matthew Liberatore,17428057,P,4000,NYM@STL 05/06/2021 01:15PM ET,STL,0
RP,Edwin Diaz (17428059),Edwin Diaz,17428059,P,4000,NYM@STL 05/06/2021 01:15PM ET,NYM,3.42
RP,Drew Smith (17428074),Drew Smith,17428074,P,4000,NYM@STL 05/06/2021 01:15PM ET,NYM,0
SP,Genesis Cabrera (17428081),Genesis Cabrera,17428081,P,4000,NYM@STL 05/06/2021 01:15PM ET,STL,2.90
RP,Tyler Webb (17428088),Tyler Webb,17428088,P,4000,NYM@STL 05/06/2021 01:15PM ET,STL,0.34
RP,Stephen Tarpley (17428091),Stephen Tarpley,17428091,P,4000,NYM@STL 05/06/2021 01:15PM ET,NYM,-6.4
SP,Garrett Williams (17428108),Garrett Williams,17428108,P,4000,NYM@STL 05/06/2021 01:15PM ET,STL,0
RP,Dellin Betances (17428117),Dellin Betances,17428117,P,4000,NYM@STL 05/06/2021 01:15PM ET,NYM,1.05
SP,Franklyn Kilome (17428122),Franklyn Kilome,17428122,P,4000,NYM@STL 05/06/2021 01:15PM ET,NYM,0
SP,Thomas Szapucki (17428127),Thomas Szapucki,17428127,P,4000,NYM@STL 05/06/2021 01:15PM ET,NYM,0
SP,Angel Rondon (17428130),Angel Rondon,17428130,P,4000,NYM@STL 05/06/2021 01:15PM ET,STL,0
RP,Yennsy Diaz (17428138),Yennsy Diaz,17428138,P,4000,NYM@STL 05/06/2021 01:15PM ET,NYM,0
RP,Johan Quezada (17428142),Johan Quezada,17428142,P,4000,NYM@STL 05/06/2021 01:15PM ET,STL,0
RP,Ryan Helsley (17428156),Ryan Helsley,17428156,P,4000,NYM@STL 05/06/2021 01:15PM ET,STL,3.22
RP,Ryley Gilliam (17428157),Ryley Gilliam,17428157,P,4000,NYM@STL 05/06/2021 01:15PM ET,NYM,0
RP,Stephen Nogosek (17428168),Stephen Nogosek,17428168,P,4000,NYM@STL 05/06/2021 01:15PM ET,NYM,0
RP,Miguel Castro (17428171),Miguel Castro,17428171,P,4000,NYM@STL 05/06/2021 01:15PM ET,NYM,4.16
SP,Matthew Allan (17428172),Matthew Allan,17428172,P,4000,NYM@STL 05/06/2021 01:15PM ET,NYM,0
RP,Trevor May (17428173),Trevor May,17428173,P,4000,NYM@STL 05/06/2021 01:15PM ET,NYM,4.42
RP,Bernardo Flores Jr. (17428175),Bernardo Flores Jr.,17428175,P,4000,NYM@STL 05/06/2021 01:15PM ET,STL,-3.8
SP,Sean Reid-Foley (17428177),Sean Reid-Foley,17428177,P,4000,NYM@STL 05/06/2021 01:15PM ET,NYM,12.02
RP,Arodys Vizcaino (17428184),Arodys Vizcaino,17428184,P,4000,NYM@STL 05/06/2021 01:15PM ET,NYM,0
RP,Andrew Miller (17428188),Andrew Miller,17428188,P,4000,NYM@STL 05/06/2021 01:15PM ET,STL,0.92
RP,Roel Ramirez (17428191),Roel Ramirez,17428191,P,4000,NYM@STL 05/06/2021 01:15PM ET,STL,0
RP,Jesus Cruz (17428192),Jesus Cruz,17428192,P,4000,NYM@STL 05/06/2021 01:15PM ET,STL,0
SP,Jake Woodford (17428193),Jake Woodford,17428193,P,4000,NYM@STL 05/06/2021 01:15PM ET,STL,5.1
SP,Jerad Eickhoff (17428218),Jerad Eickhoff,17428218,P,4000,NYM@STL 05/06/2021 01:15PM ET,NYM,0
SP,Alex Reyes (17428233),Alex Reyes,17428233,P,4000,NYM@STL 05/06/2021 01:15PM ET,STL,3.96
RP,Daniel Zamora (17428252),Daniel Zamora,17428252,P,4000,NYM@STL 05/06/2021 01:15PM ET,NYM,0
RP,Jacob Barnes (17428255),Jacob Barnes,17428255,P,4000,NYM@STL 05/06/2021 01:15PM ET,NYM,2.16
RP,Tommy Hunter (17428263),Tommy Hunter,17428263,P,4000,NYM@STL 05/06/2021 01:15PM ET,NYM,0
RP,Aaron Loup (17428264),Aaron Loup,17428264,P,4000,NYM@STL 05/06/2021 01:15PM ET,NYM,3.35
SP,Oscar De La Cruz (17428279),Oscar De La Cruz,17428279,P,4000,NYM@STL 05/06/2021 01:15PM ET,NYM,0
RP,Jeurys Familia (17428283),Jeurys Familia,17428283,P,4000,NYM@STL 05/06/2021 01:15PM ET,NYM,2.48
RP,Giovanny Gallegos (17428303),Giovanny Gallegos,17428303,P,4000,NYM@STL 05/06/2021 01:15PM ET,STL,5.31
RP,Kodi Whitley (17428311),Kodi Whitley,17428311,P,4000,NYM@STL 05/06/2021 01:15PM ET,STL,2.9
RP,Zack Thompson (17428316),Zack Thompson,17428316,P,4000,NYM@STL 05/06/2021 01:15PM ET,STL,0
RP,Trevor Hildenberger (17428327),Trevor Hildenberger,17428327,P,4000,NYM@STL 05/06/2021 01:15PM ET,NYM,0.52
RP,Jordan Hicks (17428339),Jordan Hicks,17428339,P,4000,NYM@STL 05/06/2021 01:15PM ET,STL,2.15
RP,Seth Elledge (17428353),Seth Elledge,17428353,P,4000,NYM@STL 05/06/2021 01:15PM ET,STL,1.8
2B,Kolten Wong (17427400),Kolten Wong,17427400,2B,4000,MIL@PHI 05/06/2021 01:05PM ET,MIL,7.15
2B,Jean Segura (17427567),Jean Segura,17427567,2B,4000,MIL@PHI 05/06/2021 01:05PM ET,PHI,6.47
SP,Brent Suter (17427988),Brent Suter,17427988,P,4000,MIL@PHI 05/06/2021 01:05PM ET,MIL,4.51
SP,Spencer Howard (17428000),Spencer Howard,17428000,P,4000,MIL@PHI 05/06/2021 01:05PM ET,PHI,4.32
SP,Alec Bettinger (17428019),Alec Bettinger,17428019,P,4000,MIL@PHI 05/06/2021 01:05PM ET,MIL,-21.4
RP,Ramon Rosso (17428027),Ramon Rosso,17428027,P,4000,MIL@PHI 05/06/2021 01:05PM ET,PHI,2.4
RP,David Paulino (17428044),David Paulino,17428044,P,4000,MIL@PHI 05/06/2021 01:05PM ET,PHI,0
SP,Angel Perdomo (17428045),Angel Perdomo,17428045,P,4000,MIL@PHI 05/06/2021 01:05PM ET,MIL,3.74
RP,Brad Boxberger (17428046),Brad Boxberger,17428046,P,4000,MIL@PHI 05/06/2021 01:05PM ET,MIL,3.33
RP,J.P. Feyereisen (17428073),J.P. Feyereisen,17428073,P,4000,MIL@PHI 05/06/2021 01:05PM ET,MIL,3.70
RP,Damon Jones (17428077),Damon Jones,17428077,P,4000,MIL@PHI 05/06/2021 01:05PM ET,PHI,0
SP,Enyel De Los Santos (17428078),Enyel De Los Santos,17428078,P,4000,MIL@PHI 05/06/2021 01:05PM ET,PHI,3.05
SP,Adonis Medina (17428079),Adonis Medina,17428079,P,4000,MIL@PHI 05/06/2021 01:05PM ET,PHI,0
SP,David Parkinson (17428082),David Parkinson,17428082,P,4000,MIL@PHI 05/06/2021 01:05PM ET,PHI,0
RP,Josh Hader (17428089),Josh Hader,17428089,P,4000,MIL@PHI 05/06/2021 01:05PM ET,MIL,5.74
SP,Cristopher Sanchez (17428092),Cristopher Sanchez,17428092,P,4000,MIL@PHI 05/06/2021 01:05PM ET,PHI,0
RP,Jose Alvarado (17428094),Jose Alvarado,17428094,P,4000,MIL@PHI 05/06/2021 01:05PM ET,PHI,3.75
SP,Ethan Small (17428096),Ethan Small,17428096,P,4000,MIL@PHI 05/06/2021 01:05PM ET,MIL,0
RP,Devin Williams (17428101),Devin Williams,17428101,P,4000,MIL@PHI 05/06/2021 01:05PM ET,MIL,3.07
RP,Sam Coonrod (17428113),Sam Coonrod,17428113,P,4000,MIL@PHI 05/06/2021 01:05PM ET,PHI,4.34
RP,Blaine Hardy (17428124),Blaine Hardy,17428124,P,4000,MIL@PHI 05/06/2021 01:05PM ET,MIL,0
SP,Dylan File (17428134),Dylan File,17428134,P,4000,MIL@PHI 05/06/2021 01:05PM ET,MIL,0
RP,JD Hammer (17428136),JD Hammer,17428136,P,4000,MIL@PHI 05/06/2021 01:05PM ET,PHI,0
SP,Zack Brown (17428185),Zack Brown,17428185,P,4000,MIL@PHI 05/06/2021 01:05PM ET,MIL,0
SP,Aaron Ashby (17428189),Aaron Ashby,17428189,P,4000,MIL@PHI 05/06/2021 01:05PM ET,MIL,0
RP,Hector Neris (17428201),Hector Neris,17428201,P,4000,MIL@PHI 05/06/2021 01:05PM ET,PHI,3.78
RP,Seranthony Dominguez (17428202),Seranthony Dominguez,17428202,P,4000,MIL@PHI 05/06/2021 01:05PM ET,PHI,0
RP,Hoby Milner (17428203),Hoby Milner,17428203,P,4000,MIL@PHI 05/06/2021 01:05PM ET,MIL,0
RP,Neftali Feliz (17428231),Neftali Feliz,17428231,P,4000,MIL@PHI 05/06/2021 01:05PM ET,PHI,0
SP,Drew Rasmussen (17428247),Drew Rasmussen,17428247,P,4000,MIL@PHI 05/06/2021 01:05PM ET,MIL,3.40
RP,Clayton Andrews (17428254),Clayton Andrews,17428254,P,4000,MIL@PHI 05/06/2021 01:05PM ET,MIL,0
RP,Connor Brogdon (17428256),Connor Brogdon,17428256,P,4000,MIL@PHI 05/06/2021 01:05PM ET,PHI,2.22
RP,Justin Topa (17428260),Justin Topa,17428260,P,4000,MIL@PHI 05/06/2021 01:05PM ET,MIL,0
RP,Bailey Falter (17428269),Bailey Falter,17428269,P,4000,MIL@PHI 05/06/2021 01:05PM ET,PHI,2.1
RP,Archie Bradley (17428277),Archie Bradley,17428277,P,4000,MIL@PHI 05/06/2021 01:05PM ET,PHI,1.44
RP,Eric Yardley (17428291),Eric Yardley,17428291,P,4000,MIL@PHI 05/06/2021 01:05PM ET,MIL,0.68
RP,Chad Sobotka (17428297),Chad Sobotka,17428297,P,4000,MIL@PHI 05/06/2021 01:05PM ET,MIL,0
RP,Brandon Kintzler (17428301),Brandon Kintzler,17428301,P,4000,MIL@PHI 05/06/2021 01:05PM ET,PHI,2.54
RP,Ray Black (17428307),Ray Black,17428307,P,4000,MIL@PHI 05/06/2021 01:05PM ET,MIL,0
SP,JoJo Romero (17428321),JoJo Romero,17428321,P,4000,MIL@PHI 05/06/2021 01:05PM ET,PHI,1.10
SP,Bryan Mitchell (17428326),Bryan Mitchell,17428326,P,4000,MIL@PHI 05/06/2021 01:05PM ET,PHI,0
RP,Bobby Wahl (17428330),Bobby Wahl,17428330,P,4000,MIL@PHI 05/06/2021 01:05PM ET,MIL,0
RP,David Hale (17428335),David Hale,17428335,P,4000,MIL@PHI 05/06/2021 01:05PM ET,PHI,1.59
RP,Patrick Weigel (17428351),Patrick Weigel,17428351,P,4000,MIL@PHI 05/06/2021 01:05PM ET,MIL,8.65
RP,Austin Voth (17427991),Austin Voth,17427991,P,4000,ATL@WAS 05/06/2021 04:05PM ET,WAS,4.7
SP,Tucker Davidson (17427999),Tucker Davidson,17427999,P,4000,ATL@WAS 05/06/2021 04:05PM ET,ATL,0
RP,Josh Tomlin (17428004),Josh Tomlin,17428004,P,4000,ATL@WAS 05/06/2021 04:05PM ET,ATL,2.43
SP,Touki Toussaint (17428009),Touki Toussaint,17428009,P,4000,ATL@WAS 05/06/2021 04:05PM ET,ATL,0
SP,Paolo Espino (17428021),Paolo Espino,17428021,P,4000,ATL@WAS 05/06/2021 04:05PM ET,WAS,4.68
RP,A.J. Minter (17428024),A.J. Minter,17428024,P,4000,ATL@WAS 05/06/2021 04:05PM ET,ATL,3.19
RP,Brad Hand (17428030),Brad Hand,17428030,P,4000,ATL@WAS 05/06/2021 04:05PM ET,WAS,4.53
RP,Kyle McGowin (17428032),Kyle McGowin,17428032,P,4000,ATL@WAS 05/06/2021 04:05PM ET,WAS,1.41
RP,Sam Clay (17428041),Sam Clay,17428041,P,4000,ATL@WAS 05/06/2021 04:05PM ET,WAS,2.04
SP,Tyler Dyson (17428043),Tyler Dyson,17428043,P,4000,ATL@WAS 05/06/2021 04:05PM ET,WAS,0
RP,Will Smith (17428048),Will Smith,17428048,P,4000,ATL@WAS 05/06/2021 04:05PM ET,ATL,3.28
RP,Luke Jackson (17428049),Luke Jackson,17428049,P,4000,ATL@WAS 05/06/2021 04:05PM ET,ATL,2.63
RP,Javy Guerra (17428050),Javy Guerra,17428050,P,4000,ATL@WAS 05/06/2021 04:05PM ET,WAS,0
SP,Cade Cavalli (17428055),Cade Cavalli,17428055,P,4000,ATL@WAS 05/06/2021 04:05PM ET,WAS,0
RP,Jesse Biddle (17428067),Jesse Biddle,17428067,P,4000,ATL@WAS 05/06/2021 04:05PM ET,ATL,1.8
RP,Edgar Santana (17428087),Edgar Santana,17428087,P,4000,ATL@WAS 05/06/2021 04:05PM ET,ATL,1.4
RP,Luis Avilan (17428098),Luis Avilan,17428098,P,4000,ATL@WAS 05/06/2021 04:05PM ET,WAS,1.16
SP,Freddy Tarnok (17428099),Freddy Tarnok,17428099,P,4000,ATL@WAS 05/06/2021 04:05PM ET,ATL,0
RP,Kyle Finnegan (17428105),Kyle Finnegan,17428105,P,4000,ATL@WAS 05/06/2021 04:05PM ET,WAS,3.61
RP,Will Harris (17428106),Will Harris,17428106,P,4000,ATL@WAS 05/06/2021 04:05PM ET,WAS,5.65
SP,Rogelio Armenteros (17428116),Rogelio Armenteros,17428116,P,4000,ATL@WAS 05/06/2021 04:05PM ET,WAS,0
SP,Tyler Eppler (17428121),Tyler Eppler,17428121,P,4000,ATL@WAS 05/06/2021 04:05PM ET,WAS,0
RP,Dakota Bacus (17428129),Dakota Bacus,17428129,P,4000,ATL@WAS 05/06/2021 04:05PM ET,WAS,0
RP,Jesse Chavez (17428153),Jesse Chavez,17428153,P,4000,ATL@WAS 05/06/2021 04:05PM ET,ATL,0
RP,Wander Suero (17428160),Wander Suero,17428160,P,4000,ATL@WAS 05/06/2021 04:05PM ET,WAS,2.33
RP,Ryne Harper (17428161),Ryne Harper,17428161,P,4000,ATL@WAS 05/06/2021 04:05PM ET,WAS,3.48
RP,Victor Arano (17428162),Victor Arano,17428162,P,4000,ATL@WAS 05/06/2021 04:05PM ET,ATL,0
RP,Ben Braymer (17428163),Ben Braymer,17428163,P,4000,ATL@WAS 05/06/2021 04:05PM ET,WAS,0
SP,Joan Adon (17428199),Joan Adon,17428199,P,4000,ATL@WAS 05/06/2021 04:05PM ET,WAS,0
RP,Matt Cronin (17428212),Matt Cronin,17428212,P,4000,ATL@WAS 05/06/2021 04:05PM ET,WAS,0
RP,Tanner Rainey (17428213),Tanner Rainey,17428213,P,4000,ATL@WAS 05/06/2021 04:05PM ET,WAS,0.66
RP,Nate Jones (17428214),Nate Jones,17428214,P,4000,ATL@WAS 05/06/2021 04:05PM ET,ATL,1.49
SP,Tyler Matzek (17428232),Tyler Matzek,17428232,P,4000,ATL@WAS 05/06/2021 04:05PM ET,ATL,3.56
SP,Kyle Muller (17428236),Kyle Muller,17428236,P,4000,ATL@WAS 05/06/2021 04:05PM ET,ATL,0
SP,Jackson Rutledge (17428250),Jackson Rutledge,17428250,P,4000,ATL@WAS 05/06/2021 04:05PM ET,WAS,0
SP,Cole Henry (17428270),Cole Henry,17428270,P,4000,ATL@WAS 05/06/2021 04:05PM ET,WAS,0
RP,Chris Martin (17428276),Chris Martin,17428276,P,4000,ATL@WAS 05/06/2021 04:05PM ET,ATL,0.38
RP,Daniel Hudson (17428296),Daniel Hudson,17428296,P,4000,ATL@WAS 05/06/2021 04:05PM ET,WAS,4.65
RP,Jacob Webb (17428298),Jacob Webb,17428298,P,4000,ATL@WAS 05/06/2021 04:05PM ET,ATL,2.04
RP,Grant Dayton (17428306),Grant Dayton,17428306,P,4000,ATL@WAS 05/06/2021 04:05PM ET,ATL,1.79
RP,T.J. McFarland (17428332),T.J. McFarland,17428332,P,4000,ATL@WAS 05/06/2021 04:05PM ET,WAS,0
RP,Jasseel De La Cruz (17428336),Jasseel De La Cruz,17428336,P,4000,ATL@WAS 05/06/2021 04:05PM ET,ATL,0
RP,Steven Fuentes (17428345),Steven Fuentes,17428345,P,4000,ATL@WAS 05/06/2021 04:05PM ET,WAS,0
RP,Carl Edwards Jr. (17428347),Carl Edwards Jr.,17428347,P,4000,ATL@WAS 05/06/2021 04:05PM ET,ATL,0
RP,Thomas Burrows (17428354),Thomas Burrows,17428354,P,4000,ATL@WAS 05/06/2021 04:05PM ET,ATL,0
SS,Niko Goodrum (17427397),Niko Goodrum,17427397,SS,4000,DET@BOS 05/06/2021 01:10PM ET,DET,7.09
C,Wilson Ramos (17427399),Wilson Ramos,17427399,C,4000,DET@BOS 05/06/2021 01:10PM ET,DET,5.85
RP,Matt Andriese (17428006),Matt Andriese,17428006,P,4000,DET@BOS 05/06/2021 01:10PM ET,BOS,3.48
SP,Kyle Hart (17428007),Kyle Hart,17428007,P,4000,DET@BOS 05/06/2021 01:10PM ET,BOS,0
RP,Colten Brewer (17428012),Colten Brewer,17428012,P,4000,DET@BOS 05/06/2021 01:10PM ET,BOS,0
RP,Matt Hall (17428016),Matt Hall,17428016,P,4000,DET@BOS 05/06/2021 01:10PM ET,BOS,0
RP,Ryan Weber (17428017),Ryan Weber,17428017,P,4000,DET@BOS 05/06/2021 01:10PM ET,BOS,0
RP,Ryan Brasier (17428018),Ryan Brasier,17428018,P,4000,DET@BOS 05/06/2021 01:10PM ET,BOS,0
RP,Kevin McCarthy (17428031),Kevin McCarthy,17428031,P,4000,DET@BOS 05/06/2021 01:10PM ET,BOS,0
RP,Bryan Garcia (17428035),Bryan Garcia,17428035,P,4000,DET@BOS 05/06/2021 01:10PM ET,DET,1.99
RP,John Schreiber (17428042),John Schreiber,17428042,P,4000,DET@BOS 05/06/2021 01:10PM ET,BOS,0
RP,Brandon Brennan (17428047),Brandon Brennan,17428047,P,4000,DET@BOS 05/06/2021 01:10PM ET,BOS,0
SP,Gregory Soto (17428056),Gregory Soto,17428056,P,4000,DET@BOS 05/06/2021 01:10PM ET,DET,3.39
RP,Austin Brice (17428086),Austin Brice,17428086,P,4000,DET@BOS 05/06/2021 01:10PM ET,BOS,0.49
SP,Andrew Moore (17428095),Andrew Moore,17428095,P,4000,DET@BOS 05/06/2021 01:10PM ET,DET,0
RP,Adam Ottavino (17428097),Adam Ottavino,17428097,P,4000,DET@BOS 05/06/2021 01:10PM ET,BOS,3.07
SP,Daniel Gossett (17428107),Daniel Gossett,17428107,P,4000,DET@BOS 05/06/2021 01:10PM ET,BOS,0
RP,Phillips Valdez (17428110),Phillips Valdez,17428110,P,4000,DET@BOS 05/06/2021 01:10PM ET,BOS,3.98
RP,Ben Taylor (17428112),Ben Taylor,17428112,P,4000,DET@BOS 05/06/2021 01:10PM ET,DET,0
RP,Zack Hess (17428119),Zack Hess,17428119,P,4000,DET@BOS 05/06/2021 01:10PM ET,DET,0
RP,Joe Jimenez (17428125),Joe Jimenez,17428125,P,4000,DET@BOS 05/06/2021 01:10PM ET,DET,-3.98
RP,Buck Farmer (17428128),Buck Farmer,17428128,P,4000,DET@BOS 05/06/2021 01:10PM ET,DET,0.31
RP,Beau Burrows (17428139),Beau Burrows,17428139,P,4000,DET@BOS 05/06/2021 01:10PM ET,DET,0
RP,Jose Cisnero (17428141),Jose Cisnero,17428141,P,4000,DET@BOS 05/06/2021 01:10PM ET,DET,2.45
RP,Robbie Ross Jr. (17428147),Robbie Ross Jr.,17428147,P,4000,DET@BOS 05/06/2021 01:10PM ET,DET,0
RP,Zac Grotz (17428158),Zac Grotz,17428158,P,4000,DET@BOS 05/06/2021 01:10PM ET,BOS,0
SP,Garrett Whitlock (17428180),Garrett Whitlock,17428180,P,4000,DET@BOS 05/06/2021 01:10PM ET,BOS,7.34
SP,Connor Seabold (17428210),Connor Seabold,17428210,P,4000,DET@BOS 05/06/2021 01:10PM ET,BOS,0
SP,Thad Ward (17428215),Thad Ward,17428215,P,4000,DET@BOS 05/06/2021 01:10PM ET,BOS,0
RP,Matt Barnes (17428216),Matt Barnes,17428216,P,4000,DET@BOS 05/06/2021 01:10PM ET,BOS,5.43
RP,Hirokazu Sawamura (17428217),Hirokazu Sawamura,17428217,P,4000,DET@BOS 05/06/2021 01:10PM ET,BOS,3.82
SP,Kyle Funkhouser (17428220),Kyle Funkhouser,17428220,P,4000,DET@BOS 05/06/2021 01:10PM ET,DET,0
SP,Darwinzon Hernandez (17428222),Darwinzon Hernandez,17428222,P,4000,DET@BOS 05/06/2021 01:10PM ET,BOS,2.82
RP,Ian Krol (17428224),Ian Krol,17428224,P,4000,DET@BOS 05/06/2021 01:10PM ET,DET,0
RP,Alex Lange (17428227),Alex Lange,17428227,P,4000,DET@BOS 05/06/2021 01:10PM ET,DET,1.96
RP,Eduard Bazardo (17428234),Eduard Bazardo,17428234,P,4000,DET@BOS 05/06/2021 01:10PM ET,BOS,3.05
SP,Jay Groome (17428251),Jay Groome,17428251,P,4000,DET@BOS 05/06/2021 01:10PM ET,BOS,0
SP,Drew Hutchison (17428253),Drew Hutchison,17428253,P,4000,DET@BOS 05/06/2021 01:10PM ET,DET,0
RP,Durbin Feltman (17428282),Durbin Feltman,17428282,P,4000,DET@BOS 05/06/2021 01:10PM ET,BOS,0
RP,Caleb Simpson (17428284),Caleb Simpson,17428284,P,4000,DET@BOS 05/06/2021 01:10PM ET,BOS,0
SP,Franklin Perez (17428287),Franklin Perez,17428287,P,4000,DET@BOS 05/06/2021 01:10PM ET,DET,0
SP,Stephen Gonsalves (17428289),Stephen Gonsalves,17428289,P,4000,DET@BOS 05/06/2021 01:10PM ET,BOS,0
SP,Logan Shore (17428304),Logan Shore,17428304,P,4000,DET@BOS 05/06/2021 01:10PM ET,DET,0
SP,Matt Manning (17428322),Matt Manning,17428322,P,4000,DET@BOS 05/06/2021 01:10PM ET,DET,0
RP,Erasmo Ramirez (17428324),Erasmo Ramirez,17428324,P,4000,DET@BOS 05/06/2021 01:10PM ET,DET,0
RP,Miguel Del Pozo (17428349),Miguel Del Pozo,17428349,P,4000,DET@BOS 05/06/2021 01:10PM ET,DET,0
RP,Marcus Walden (17428350),Marcus Walden,17428350,P,4000,DET@BOS 05/06/2021 01:10PM ET,BOS,0
RP,Josh Taylor (17428355),Josh Taylor,17428355,P,4000,DET@BOS 05/06/2021 01:10PM ET,BOS,1.35
OF,Yordan Alvarez (17427401),Yordan Alvarez,17427401,OF,4000,HOU@NYY 05/06/2021 01:05PM ET,HOU,8.70
3B,Gio Urshela (17427403),Gio Urshela,17427403,3B,4000,HOU@NYY 05/06/2021 01:05PM ET,NYY,6.96
SP,Josh James (17427984),Josh James,17427984,P,4000,HOU@NYY 05/06/2021 01:05PM ET,HOU,0
SP,Nick Nelson (17427990),Nick Nelson,17427990,P,4000,HOU@NYY 05/06/2021 01:05PM ET,NYY,3.42
SP,Deivi Garcia (17427992),Deivi Garcia,17427992,P,4000,HOU@NYY 05/06/2021 01:05PM ET,NYY,9.4
SP,Jonathan Loaisiga (17427993),Jonathan Loaisiga,17427993,P,4000,HOU@NYY 05/06/2021 01:05PM ET,NYY,5.40
RP,Mike Montgomery (17427997),Mike Montgomery,17427997,P,4000,HOU@NYY 05/06/2021 01:05PM ET,NYY,0
SP,Clarke Schmidt (17428005),Clarke Schmidt,17428005,P,4000,HOU@NYY 05/06/2021 01:05PM ET,NYY,0
SP,Asher Wojciechowski (17428011),Asher Wojciechowski,17428011,P,4000,HOU@NYY 05/06/2021 01:05PM ET,NYY,0
RP,Michael King (17428025),Michael King,17428025,P,4000,HOU@NYY 05/06/2021 01:05PM ET,NYY,12.45
RP,Luis Garcia (17428026),Luis Garcia,17428026,P,4000,HOU@NYY 05/06/2021 01:05PM ET,NYY,0
RP,Nestor Cortes Jr. (17428028),Nestor Cortes Jr.,17428028,P,4000,HOU@NYY 05/06/2021 01:05PM ET,NYY,0
SP,Brett Conine (17428053),Brett Conine,17428053,P,4000,HOU@NYY 05/06/2021 01:05PM ET,HOU,0
RP,Reggie McClain (17428062),Reggie McClain,17428062,P,4000,HOU@NYY 05/06/2021 01:05PM ET,NYY,0
RP,Brooks Raley (17428066),Brooks Raley,17428066,P,4000,HOU@NYY 05/06/2021 01:05PM ET,HOU,1.53
RP,Nivaldo Rodriguez (17428075),Nivaldo Rodriguez,17428075,P,4000,HOU@NYY 05/06/2021 01:05PM ET,HOU,8.35
RP,Jojanse Torres (17428083),Jojanse Torres,17428083,P,4000,HOU@NYY 05/06/2021 01:05PM ET,HOU,0
RP,Luis Cessa (17428085),Luis Cessa,17428085,P,4000,HOU@NYY 05/06/2021 01:05PM ET,NYY,5.16
RP,Ryan Pressly (17428100),Ryan Pressly,17428100,P,4000,HOU@NYY 05/06/2021 01:05PM ET,HOU,4.54
RP,Hunter Brown (17428103),Hunter Brown,17428103,P,4000,HOU@NYY 05/06/2021 01:05PM ET,HOU,0
RP,Tyler Lyons (17428115),Tyler Lyons,17428115,P,4000,HOU@NYY 05/06/2021 01:05PM ET,NYY,0
RP,Bryan Abreu (17428131),Bryan Abreu,17428131,P,4000,HOU@NYY 05/06/2021 01:05PM ET,HOU,3.58
RP,Zack Britton (17428140),Zack Britton,17428140,P,4000,HOU@NYY 05/06/2021 01:05PM ET,NYY,0
RP,Andre Scrubb (17428146),Andre Scrubb,17428146,P,4000,HOU@NYY 05/06/2021 01:05PM ET,HOU,0.45
RP,Ryne Stanek (17428148),Ryne Stanek,17428148,P,4000,HOU@NYY 05/06/2021 01:05PM ET,HOU,4.28
RP,Enoli Paredes (17428154),Enoli Paredes,17428154,P,4000,HOU@NYY 05/06/2021 01:05PM ET,HOU,0.73
RP,Ralph Garza Jr. (17428179),Ralph Garza Jr.,17428179,P,4000,HOU@NYY 05/06/2021 01:05PM ET,HOU,0
RP,Adam Warren (17428187),Adam Warren,17428187,P,4000,HOU@NYY 05/06/2021 01:05PM ET,NYY,0
RP,Lucas Luetge (17428195),Lucas Luetge,17428195,P,4000,HOU@NYY 05/06/2021 01:05PM ET,NYY,4.97
SP,Jairo Solis (17428197),Jairo Solis,17428197,P,4000,HOU@NYY 05/06/2021 01:05PM ET,HOU,0
RP,Wandy Peralta (17428200),Wandy Peralta,17428200,P,4000,HOU@NYY 05/06/2021 01:05PM ET,NYY,2.69
RP,Brooks Kriske (17428204),Brooks Kriske,17428204,P,4000,HOU@NYY 05/06/2021 01:05PM ET,NYY,0.45
RP,Joe Smith (17428205),Joe Smith,17428205,P,4000,HOU@NYY 05/06/2021 01:05PM ET,HOU,1.23
RP,Austin Pruitt (17428219),Austin Pruitt,17428219,P,4000,HOU@NYY 05/06/2021 01:05PM ET,HOU,0
RP,Pedro Baez (17428237),Pedro Baez,17428237,P,4000,HOU@NYY 05/06/2021 01:05PM ET,HOU,0
RP,Darren O'Day (17428240),Darren O'Day,17428240,P,4000,HOU@NYY 05/06/2021 01:05PM ET,NYY,2.56
RP,Tyler Ivey (17428241),Tyler Ivey,17428241,P,4000,HOU@NYY 05/06/2021 01:05PM ET,HOU,0
RP,Blair Henley (17428244),Blair Henley,17428244,P,4000,HOU@NYY 05/06/2021 01:05PM ET,HOU,0
RP,Jose Alberto Rivera (17428245),Jose Alberto Rivera,17428245,P,4000,HOU@NYY 05/06/2021 01:05PM ET,HOU,0
RP,Aroldis Chapman (17428248),Aroldis Chapman,17428248,P,4000,HOU@NYY 05/06/2021 01:05PM ET,NYY,7.07
SP,Austin Hansen (17428257),Austin Hansen,17428257,P,4000,HOU@NYY 05/06/2021 01:05PM ET,HOU,0
SP,Blake Taylor (17428258),Blake Taylor,17428258,P,4000,HOU@NYY 05/06/2021 01:05PM ET,HOU,0.86
RP,Riley Ferrell (17428266),Riley Ferrell,17428266,P,4000,HOU@NYY 05/06/2021 01:05PM ET,HOU,0
RP,Chad Green (17428268),Chad Green,17428268,P,4000,HOU@NYY 05/06/2021 01:05PM ET,NYY,4.65
SP,Albert Abreu (17428274),Albert Abreu,17428274,P,4000,HOU@NYY 05/06/2021 01:05PM ET,NYY,3.65
RP,Francis Martes (17428278),Francis Martes,17428278,P,4000,HOU@NYY 05/06/2021 01:05PM ET,HOU,0
RP,Kyle Barraclough (17428280),Kyle Barraclough,17428280,P,4000,HOU@NYY 05/06/2021 01:05PM ET,NYY,0
RP,Hector Velazquez (17428286),Hector Velazquez,17428286,P,4000,HOU@NYY 05/06/2021 01:05PM ET,HOU,0
RP,Nick Goody (17428288),Nick Goody,17428288,P,4000,HOU@NYY 05/06/2021 01:05PM ET,NYY,0
RP,Addison Russ (17428295),Addison Russ,17428295,P,4000,HOU@NYY 05/06/2021 01:05PM ET,NYY,0
RP,Justin Wilson (17428302),Justin Wilson,17428302,P,4000,HOU@NYY 05/06/2021 01:05PM ET,NYY,1.48
RP,Luis Gil (17428310),Luis Gil,17428310,P,4000,HOU@NYY 05/06/2021 01:05PM ET,NYY,0
SP,Shawn Dubin (17428331),Shawn Dubin,17428331,P,4000,HOU@NYY 05/06/2021 01:05PM ET,HOU,0
SP,Luis Medina (17428337),Luis Medina,17428337,P,4000,HOU@NYY 05/06/2021 01:05PM ET,NYY,0
RP,Peter Solomon (17428338),Peter Solomon,17428338,P,4000,HOU@NYY 05/06/2021 01:05PM ET,HOU,3.65
SP,Yoendrys Gomez (17428341),Yoendrys Gomez,17428341,P,4000,HOU@NYY 05/06/2021 01:05PM ET,NYY,0
SP,Kris Bubic (17427995),Kris Bubic,17427995,P,4000,CLE@KC 05/06/2021 02:10PM ET,KC,-1.55
SP,Cal Quantrill (17427998),Cal Quantrill,17427998,P,4000,CLE@KC 05/06/2021 02:10PM ET,CLE,3.02
SP,Kyle Zimmer (17428003),Kyle Zimmer,17428003,P,4000,CLE@KC 05/06/2021 02:10PM ET,KC,4.07
SP,Carlos Hernandez (17428008),Carlos Hernandez,17428008,P,4000,CLE@KC 05/06/2021 02:10PM ET,KC,2.3
RP,Phil Maton (17428029),Phil Maton,17428029,P,4000,CLE@KC 05/06/2021 02:10PM ET,CLE,3.21
RP,Bryan Shaw (17428052),Bryan Shaw,17428052,P,4000,CLE@KC 05/06/2021 02:10PM ET,CLE,3.8
RP,Tyler Zuber (17428061),Tyler Zuber,17428061,P,4000,CLE@KC 05/06/2021 02:10PM ET,KC,3.03
SP,Scott Moss (17428064),Scott Moss,17428064,P,4000,CLE@KC 05/06/2021 02:10PM ET,CLE,0
RP,Jake Newberry (17428068),Jake Newberry,17428068,P,4000,CLE@KC 05/06/2021 02:10PM ET,KC,-1.01
SP,Trevor Stephan (17428076),Trevor Stephan,17428076,P,4000,CLE@KC 05/06/2021 02:10PM ET,CLE,3.6
RP,DJ Johnson (17428104),DJ Johnson,17428104,P,4000,CLE@KC 05/06/2021 02:10PM ET,CLE,0
RP,Nick Wittgren (17428111),Nick Wittgren,17428111,P,4000,CLE@KC 05/06/2021 02:10PM ET,CLE,2.98
SP,Angel Zerpa (17428120),Angel Zerpa,17428120,P,4000,CLE@KC 05/06/2021 02:10PM ET,KC,0
RP,Nick Sandlin (17428132),Nick Sandlin,17428132,P,4000,CLE@KC 05/06/2021 02:10PM ET,CLE,4.62
SP,Austin Cox (17428137),Austin Cox,17428137,P,4000,CLE@KC 05/06/2021 02:10PM ET,KC,0
SP,Eli Morgan (17428143),Eli Morgan,17428143,P,4000,CLE@KC 05/06/2021 02:10PM ET,CLE,0
SP,Ervin Santana (17428149),Ervin Santana,17428149,P,4000,CLE@KC 05/06/2021 02:10PM ET,KC,4.75
SP,Carlos Vargas (17428152),Carlos Vargas,17428152,P,4000,CLE@KC 05/06/2021 02:10PM ET,CLE,0
RP,Greg Holland (17428155),Greg Holland,17428155,P,4000,CLE@KC 05/06/2021 02:10PM ET,KC,2.90
RP,Richard Lovelady (17428169),Richard Lovelady,17428169,P,4000,CLE@KC 05/06/2021 02:10PM ET,KC,0
RP,Wade Davis (17428181),Wade Davis,17428181,P,4000,CLE@KC 05/06/2021 02:10PM ET,KC,1.73
RP,Jake Brentz (17428182),Jake Brentz,17428182,P,4000,CLE@KC 05/06/2021 02:10PM ET,KC,2.72
RP,Anthony Gose (17428196),Anthony Gose,17428196,P,4000,CLE@KC 05/06/2021 02:10PM ET,CLE,0
SP,Jesse Hahn (17428208),Jesse Hahn,17428208,P,4000,CLE@KC 05/06/2021 02:10PM ET,KC,-0.5
RP,Jean Carlos Mejia (17428211),Jean Carlos Mejia,17428211,P,4000,CLE@KC 05/06/2021 02:10PM ET,CLE,0
RP,Josh Staumont (17428223),Josh Staumont,17428223,P,4000,CLE@KC 05/06/2021 02:10PM ET,KC,3.60
RP,Kyle Nelson (17428225),Kyle Nelson,17428225,P,4000,CLE@KC 05/06/2021 02:10PM ET,CLE,3.95
SP,Jackson Kowar (17428235),Jackson Kowar,17428235,P,4000,CLE@KC 05/06/2021 02:10PM ET,KC,0
SP,Scott Blewett (17428259),Scott Blewett,17428259,P,4000,CLE@KC 05/06/2021 02:10PM ET,KC,0
RP,Cam Hill (17428265),Cam Hill,17428265,P,4000,CLE@KC 05/06/2021 02:10PM ET,CLE,0
RP,Gabe Speier (17428273),Gabe Speier,17428273,P,4000,CLE@KC 05/06/2021 02:10PM ET,KC,0
RP,Emmanuel Clase (17428281),Emmanuel Clase,17428281,P,4000,CLE@KC 05/06/2021 02:10PM ET,CLE,4.16
RP,Scott Barlow (17428317),Scott Barlow,17428317,P,4000,CLE@KC 05/06/2021 02:10PM ET,KC,4.21
SP,Eric Skoglund (17428323),Eric Skoglund,17428323,P,4000,CLE@KC 05/06/2021 02:10PM ET,KC,0
RP,Blake Parker (17428328),Blake Parker,17428328,P,4000,CLE@KC 05/06/2021 02:10PM ET,CLE,0
RP,James Karinchak (17428333),James Karinchak,17428333,P,4000,CLE@KC 05/06/2021 02:10PM ET,CLE,5.59
SP,Jonathan Bowlan (17428340),Jonathan Bowlan,17428340,P,4000,CLE@KC 05/06/2021 02:10PM ET,KC,0
RP,Oliver Perez (17428343),Oliver Perez,17428343,P,4000,CLE@KC 05/06/2021 02:10PM ET,CLE,2.53
RP,Randy Dobnak (17427987),Randy Dobnak,17427987,P,4000,TEX@MIN 05/06/2021 01:10PM ET,MIN,2.24
RP,Devin Smeltzer (17428001),Devin Smeltzer,17428001,P,4000,TEX@MIN 05/06/2021 01:10PM ET,MIN,14.1
RP,Lewis Thorpe (17428002),Lewis Thorpe,17428002,P,4000,TEX@MIN 05/06/2021 01:10PM ET,MIN,5.5
SP,Wes Benjamin (17428010),Wes Benjamin,17428010,P,4000,TEX@MIN 05/06/2021 01:10PM ET,TEX,3.58
RP,Robinson Leyer (17428022),Robinson Leyer,17428022,P,4000,TEX@MIN 05/06/2021 01:10PM ET,MIN,0
RP,Jimmy Herget (17428023),Jimmy Herget,17428023,P,4000,TEX@MIN 05/06/2021 01:10PM ET,TEX,0
RP,Josh Sborz (17428033),Josh Sborz,17428033,P,4000,TEX@MIN 05/06/2021 01:10PM ET,TEX,3.97
SP,Hans Crouse (17428034),Hans Crouse,17428034,P,4000,TEX@MIN 05/06/2021 01:10PM ET,TEX,0
SP,Jharel Cotton (17428040),Jharel Cotton,17428040,P,4000,TEX@MIN 05/06/2021 01:10PM ET,TEX,0
RP,Ian Gibaut (17428060),Ian Gibaut,17428060,P,4000,TEX@MIN 05/06/2021 01:10PM ET,MIN,0
SP,Edwar Colina (17428063),Edwar Colina,17428063,P,4000,TEX@MIN 05/06/2021 01:10PM ET,MIN,0
RP,Brandon Waddell (17428070),Brandon Waddell,17428070,P,4000,TEX@MIN 05/06/2021 01:10PM ET,MIN,-1.7
SP,Matt Canterino (17428071),Matt Canterino,17428071,P,4000,TEX@MIN 05/06/2021 01:10PM ET,MIN,0
RP,Joe Palumbo (17428072),Joe Palumbo,17428072,P,4000,TEX@MIN 05/06/2021 01:10PM ET,TEX,0
RP,Taylor Rogers (17428080),Taylor Rogers,17428080,P,4000,TEX@MIN 05/06/2021 01:10PM ET,MIN,3.84
RP,Andrew Albers (17428084),Andrew Albers,17428084,P,4000,TEX@MIN 05/06/2021 01:10PM ET,MIN,0
RP,Nick Vincent (17428090),Nick Vincent,17428090,P,4000,TEX@MIN 05/06/2021 01:10PM ET,TEX,0
RP,Chandler Shepherd (17428093),Chandler Shepherd,17428093,P,4000,TEX@MIN 05/06/2021 01:10PM ET,MIN,0
RP,Jorge Alcala (17428118),Jorge Alcala,17428118,P,4000,TEX@MIN 05/06/2021 01:10PM ET,MIN,3.20
RP,Andrew Vasquez (17428126),Andrew Vasquez,17428126,P,4000,TEX@MIN 05/06/2021 01:10PM ET,MIN,0
RP,Drew Anderson (17428135),Drew Anderson,17428135,P,4000,TEX@MIN 05/06/2021 01:10PM ET,TEX,0
RP,Caleb Thielbar (17428145),Caleb Thielbar,17428145,P,4000,TEX@MIN 05/06/2021 01:10PM ET,MIN,5.38
RP,Jose Leclerc (17428150),Jose Leclerc,17428150,P,4000,TEX@MIN 05/06/2021 01:10PM ET,TEX,0
RP,Hansel Robles (17428159),Hansel Robles,17428159,P,4000,TEX@MIN 05/06/2021 01:10PM ET,MIN,2.48
RP,Danny Coulombe (17428165),Danny Coulombe,17428165,P,4000,TEX@MIN 05/06/2021 01:10PM ET,MIN,0
SP,Shaun Anderson (17428166),Shaun Anderson,17428166,P,4000,TEX@MIN 05/06/2021 01:10PM ET,MIN,0
RP,Joe Gatto (17428167),Joe Gatto,17428167,P,4000,TEX@MIN 05/06/2021 01:10PM ET,TEX,0
RP,Derek Law (17428170),Derek Law,17428170,P,4000,TEX@MIN 05/06/2021 01:10PM ET,MIN,0
RP,Brett Martin (17428174),Brett Martin,17428174,P,4000,TEX@MIN 05/06/2021 01:10PM ET,TEX,1.46
SP,Tyler Phillips (17428178),Tyler Phillips,17428178,P,4000,TEX@MIN 05/06/2021 01:10PM ET,TEX,0
SP,Sam Gaviglio (17428190),Sam Gaviglio,17428190,P,4000,TEX@MIN 05/06/2021 01:10PM ET,TEX,0
SP,Jason Bahr (17428198),Jason Bahr,17428198,P,4000,TEX@MIN 05/06/2021 01:10PM ET,TEX,0
RP,Juan Minaya (17428207),Juan Minaya,17428207,P,4000,TEX@MIN 05/06/2021 01:10PM ET,MIN,0
RP,Luis Ortiz (17428221),Luis Ortiz,17428221,P,4000,TEX@MIN 05/06/2021 01:10PM ET,TEX,0
RP,Glenn Sparkman (17428226),Glenn Sparkman,17428226,P,4000,TEX@MIN 05/06/2021 01:10PM ET,MIN,0
RP,Brett de Geus (17428229),Brett de Geus,17428229,P,4000,TEX@MIN 05/06/2021 01:10PM ET,TEX,2.02
RP,Hunter Wood (17428238),Hunter Wood,17428238,P,4000,TEX@MIN 05/06/2021 01:10PM ET,TEX,0
RP,Jonathan Hernandez (17428239),Jonathan Hernandez,17428239,P,4000,TEX@MIN 05/06/2021 01:10PM ET,TEX,0
SP,Alex Speas (17428242),Alex Speas,17428242,P,4000,TEX@MIN 05/06/2021 01:10PM ET,TEX,0
RP,Tyler Duffey (17428243),Tyler Duffey,17428243,P,4000,TEX@MIN 05/06/2021 01:10PM ET,MIN,2.24
SP,Jordan Balazovic (17428246),Jordan Balazovic,17428246,P,4000,TEX@MIN 05/06/2021 01:10PM ET,MIN,0
SP,Ian Kennedy (17428261),Ian Kennedy,17428261,P,4000,TEX@MIN 05/06/2021 01:10PM ET,TEX,4.21
RP,Yerry Rodriguez (17428262),Yerry Rodriguez,17428262,P,4000,TEX@MIN 05/06/2021 01:10PM ET,TEX,0
RP,Joely Rodriguez (17428272),Joely Rodriguez,17428272,P,4000,TEX@MIN 05/06/2021 01:10PM ET,TEX,4.06
RP,Alex Colome (17428275),Alex Colome,17428275,P,4000,TEX@MIN 05/06/2021 01:10PM ET,MIN,2.17
RP,Taylor Hearn (17428290),Taylor Hearn,17428290,P,4000,TEX@MIN 05/06/2021 01:10PM ET,TEX,3.82
RP,Ian Hamilton (17428293),Ian Hamilton,17428293,P,4000,TEX@MIN 05/06/2021 01:10PM ET,MIN,0
RP,Cody Stashak (17428299),Cody Stashak,17428299,P,4000,TEX@MIN 05/06/2021 01:10PM ET,MIN,2.74
RP,John King (17428305),John King,17428305,P,4000,TEX@MIN 05/06/2021 01:10PM ET,TEX,4.86
RP,Luke Farrell (17428308),Luke Farrell,17428308,P,4000,TEX@MIN 05/06/2021 01:10PM ET,MIN,3.05
RP,Spencer Patton (17428320),Spencer Patton,17428320,P,4000,TEX@MIN 05/06/2021 01:10PM ET,TEX,0
RP,Matt Bush (17428334),Matt Bush,17428334,P,4000,TEX@MIN 05/06/2021 01:10PM ET,TEX,1.92
SP,A.J. Alexy (17428342),A.J. Alexy,17428342,P,4000,TEX@MIN 05/06/2021 01:10PM ET,TEX,0
1B,Matt Olson (17427398),Matt Olson,17427398,1B,4000,TOR@OAK 05/06/2021 03:37PM ET,OAK,8.92
OF,Teoscar Hernandez (17427402),Teoscar Hernandez,17427402,OF,4000,TOR@OAK 05/06/2021 03:37PM ET,TOR,6.69
RP,Tommy Milone (17427983),Tommy Milone,17427983,P,4000,TOR@OAK 05/06/2021 03:37PM ET,TOR,5.95
SP,Tyler Chatwood (17427985),Tyler Chatwood,17427985,P,4000,TOR@OAK 05/06/2021 03:37PM ET,TOR,4.49
RP,Julian Merryweather (17428014),Julian Merryweather,17428014,P,4000,TOR@OAK 05/06/2021 03:37PM ET,TOR,5.64
RP,David Phelps (17428015),David Phelps,17428015,P,4000,TOR@OAK 05/06/2021 03:37PM ET,TOR,3.95
RP,Travis Bergen (17428020),Travis Bergen,17428020,P,4000,TOR@OAK 05/06/2021 03:37PM ET,TOR,3.28
SP,Jeremy Beasley (17428036),Jeremy Beasley,17428036,P,4000,TOR@OAK 05/06/2021 03:37PM ET,TOR,0
RP,Deolis Guerra (17428037),Deolis Guerra,17428037,P,4000,TOR@OAK 05/06/2021 03:37PM ET,OAK,5.38
RP,J.B. Wendelken (17428038),J.B. Wendelken,17428038,P,4000,TOR@OAK 05/06/2021 03:37PM ET,OAK,2.12
SP,Simeon Woods Richardson (17428051),Simeon Woods Richardson,17428051,P,4000,TOR@OAK 05/06/2021 03:37PM ET,TOR,0
SP,Paul Blackburn (17428058),Paul Blackburn,17428058,P,4000,TOR@OAK 05/06/2021 03:37PM ET,OAK,0
RP,Bryan Baker (17428065),Bryan Baker,17428065,P,4000,TOR@OAK 05/06/2021 03:37PM ET,TOR,0
RP,Yusmeiro Petit (17428069),Yusmeiro Petit,17428069,P,4000,TOR@OAK 05/06/2021 03:37PM ET,OAK,4.23
RP,Ty Tice (17428102),Ty Tice,17428102,P,4000,TOR@OAK 05/06/2021 03:37PM ET,TOR,4.65
SP,Joey Murray (17428109),Joey Murray,17428109,P,4000,TOR@OAK 05/06/2021 03:37PM ET,TOR,0
RP,Jordan Romano (17428114),Jordan Romano,17428114,P,4000,TOR@OAK 05/06/2021 03:37PM ET,TOR,3.69
RP,Reymin Guduan (17428123),Reymin Guduan,17428123,P,4000,TOR@OAK 05/06/2021 03:37PM ET,OAK,-2.17
SP,Ryan Borucki (17428133),Ryan Borucki,17428133,P,4000,TOR@OAK 05/06/2021 03:37PM ET,TOR,4.10
RP,Brian Schlitter (17428144),Brian Schlitter,17428144,P,4000,TOR@OAK 05/06/2021 03:37PM ET,OAK,0
SP,Alek Manoah (17428151),Alek Manoah,17428151,P,4000,TOR@OAK 05/06/2021 03:37PM ET,TOR,0
RP,Jake Diekman (17428164),Jake Diekman,17428164,P,4000,TOR@OAK 05/06/2021 03:37PM ET,OAK,4.23
RP,Jacob Waguespack (17428176),Jacob Waguespack,17428176,P,4000,TOR@OAK 05/06/2021 03:37PM ET,TOR,0
RP,Lou Trivino (17428183),Lou Trivino,17428183,P,4000,TOR@OAK 05/06/2021 03:37PM ET,OAK,3.2
SP,Elvis Luciano (17428186),Elvis Luciano,17428186,P,4000,TOR@OAK 05/06/2021 03:37PM ET,TOR,0
RP,A.J. Puk (17428194),A.J. Puk,17428194,P,4000,TOR@OAK 05/06/2021 03:37PM ET,OAK,13.1
RP,Rafael Dolis (17428206),Rafael Dolis,17428206,P,4000,TOR@OAK 05/06/2021 03:37PM ET,TOR,3.05
SP,Joel Payamps (17428209),Joel Payamps,17428209,P,4000,TOR@OAK 05/06/2021 03:37PM ET,TOR,3.11
SP,CJ Van Eyk (17428228),CJ Van Eyk,17428228,P,4000,TOR@OAK 05/06/2021 03:37PM ET,TOR,0
RP,Miguel Romero (17428230),Miguel Romero,17428230,P,4000,TOR@OAK 05/06/2021 03:37PM ET,OAK,0
RP,Adam Kolarek (17428249),Adam Kolarek,17428249,P,4000,TOR@OAK 05/06/2021 03:37PM ET,OAK,0.32
SP,Adam Kloffenstein (17428267),Adam Kloffenstein,17428267,P,4000,TOR@OAK 05/06/2021 03:37PM ET,TOR,0
SP,James Kaprielian (17428271),James Kaprielian,17428271,P,4000,TOR@OAK 05/06/2021 03:37PM ET,OAK,0
RP,Montana DuRapau (17428285),Montana DuRapau,17428285,P,4000,TOR@OAK 05/06/2021 03:37PM ET,OAK,0
SP,Patrick Murphy (17428292),Patrick Murphy,17428292,P,4000,TOR@OAK 05/06/2021 03:37PM ET,TOR,0
RP,Dany Jimenez (17428294),Dany Jimenez,17428294,P,4000,TOR@OAK 05/06/2021 03:37PM ET,TOR,0
RP,Matt Blackham (17428300),Matt Blackham,17428300,P,4000,TOR@OAK 05/06/2021 03:37PM ET,OAK,0
RP,Domingo Acevedo (17428309),Domingo Acevedo,17428309,P,4000,TOR@OAK 05/06/2021 03:37PM ET,OAK,0
RP,Cam Bedrosian (17428312),Cam Bedrosian,17428312,P,4000,TOR@OAK 05/06/2021 03:37PM ET,OAK,0.52
SP,Grant Holmes (17428313),Grant Holmes,17428313,P,4000,TOR@OAK 05/06/2021 03:37PM ET,OAK,0
RP,A.J. Cole (17428314),A.J. Cole,17428314,P,4000,TOR@OAK 05/06/2021 03:37PM ET,TOR,0
SP,Anthony Castro (17428315),Anthony Castro,17428315,P,4000,TOR@OAK 05/06/2021 03:37PM ET,TOR,5.35
RP,Wandisson Charles (17428318),Wandisson Charles,17428318,P,4000,TOR@OAK 05/06/2021 03:37PM ET,OAK,0
RP,Sergio Romo (17428319),Sergio Romo,17428319,P,4000,TOR@OAK 05/06/2021 03:37PM ET,OAK,0.88
RP,Kirby Yates (17428325),Kirby Yates,17428325,P,4000,TOR@OAK 05/06/2021 03:37PM ET,TOR,0
RP,Burch Smith (17428329),Burch Smith,17428329,P,4000,TOR@OAK 05/06/2021 03:37PM ET,OAK,2.18
RP,Jordan Weems (17428344),Jordan Weems,17428344,P,4000,TOR@OAK 05/06/2021 03:37PM ET,OAK,1.75
RP,Trevor Rosenthal (17428346),Trevor Rosenthal,17428346,P,4000,TOR@OAK 05/06/2021 03:37PM ET,OAK,0
SP,Daulton Jefferies (17428348),Daulton Jefferies,17428348,P,4000,TOR@OAK 05/06/2021 03:37PM ET,OAK,0
RP,Tim Mayza (17428352),Tim Mayza,17428352,P,4000,TOR@OAK 05/06/2021 03:37PM ET,TOR,2.73
3B,Austin Riley (17427406),Austin Riley,17427406,3B,3900,ATL@WAS 05/06/2021 04:05PM ET,ATL,6.23
2B/OF,Ehire Adrianza (17427407),Ehire Adrianza,17427407,2B/OF,3900,ATL@WAS 05/06/2021 04:05PM ET,ATL,4.3
2B/OF,Kike Hernandez (17427409),Kike Hernandez,17427409,2B/OF,3900,DET@BOS 05/06/2021 01:10PM ET,BOS,6.93
SS,Andrelton Simmons (17427404),Andrelton Simmons,17427404,SS,3900,TEX@MIN 05/06/2021 01:10PM ET,MIN,5.68
1B,Willians Astudillo (17427405),Willians Astudillo,17427405,1B,3900,TEX@MIN 05/06/2021 01:10PM ET,MIN,4.95
2B/OF,Luis Arraez (17427568),Luis Arraez,17427568,2B/OF,3900,TEX@MIN 05/06/2021 01:10PM ET,MIN,7
OF,Michael Conforto (17427416),Michael Conforto,17427416,OF,3800,NYM@STL 05/06/2021 01:15PM ET,NYM,6.48
SS,Didi Gregorius (17427412),Didi Gregorius,17427412,SS,3800,MIL@PHI 05/06/2021 01:05PM ET,PHI,7.04
C,Omar Narvaez (17427570),Omar Narvaez,17427570,C,3800,MIL@PHI 05/06/2021 01:05PM ET,MIL,7.09
2B,Josh Harrison (17427411),Josh Harrison,17427411,2B,3800,ATL@WAS 05/06/2021 04:05PM ET,WAS,7.58
OF,Kyle Schwarber (17427417),Kyle Schwarber,17427417,OF,3800,ATL@WAS 05/06/2021 04:05PM ET,WAS,5.32
3B,Jeimer Candelario (17427413),Jeimer Candelario,17427413,3B,3800,DET@BOS 05/06/2021 01:10PM ET,DET,6.73
2B,Cesar Hernandez (17427414),Cesar Hernandez,17427414,2B,3800,CLE@KC 05/06/2021 02:10PM ET,CLE,5.57
OF,Randal Grichuk (17427415),Randal Grichuk,17427415,OF,3800,TOR@OAK 05/06/2021 03:37PM ET,TOR,7.69
C,James McCann (17427424),James McCann,17427424,C,3700,NYM@STL 05/06/2021 01:15PM ET,NYM,3.95
2B,Rougned Odor (17427418),Rougned Odor,17427418,2B,3700,HOU@NYY 05/06/2021 01:05PM ET,NYY,6
OF/SS,Amed Rosario (17427419),Amed Rosario,17427419,SS/OF,3700,CLE@KC 05/06/2021 02:10PM ET,CLE,4.84
OF,Jordan Luplow (17427421),Jordan Luplow,17427421,OF,3700,CLE@KC 05/06/2021 02:10PM ET,CLE,7.32
1B/OF,Alex Kirilloff (17427422),Alex Kirilloff,17427422,1B/OF,3700,TEX@MIN 05/06/2021 01:10PM ET,MIN,8.42
OF,Dylan Carlson (17427425),Dylan Carlson,17427425,OF,3600,NYM@STL 05/06/2021 01:15PM ET,STL,7.43
3B,J.D. Davis (17427571),J.D. Davis,17427571,3B,3600,NYM@STL 05/06/2021 01:15PM ET,NYM,7.57
2B/SS,Willi Castro (17427426),Willi Castro,17427426,2B/SS,3600,DET@BOS 05/06/2021 01:10PM ET,DET,4.41
OF,Akil Baddoo (17427430),Akil Baddoo,17427430,OF,3600,DET@BOS 05/06/2021 01:10PM ET,DET,6.48
OF,Eddie Rosario (17427428),Eddie Rosario,17427428,OF,3600,CLE@KC 05/06/2021 02:10PM ET,CLE,7.57
SS,Adalberto Mondesi (17427572),Adalberto Mondesi,17427572,SS,3600,CLE@KC 05/06/2021 02:10PM ET,KC,0
1B,Nate Lowe (17427429),Nate Lowe,17427429,1B,3600,TEX@MIN 05/06/2021 01:10PM ET,TEX,8.81
OF,Brandon Nimmo (17427433),Brandon Nimmo,17427433,OF,3500,NYM@STL 05/06/2021 01:15PM ET,NYM,6.95
1B/2B,Keston Hiura (17427574),Keston Hiura,17427574,1B/2B,3500,MIL@PHI 05/06/2021 01:05PM ET,MIL,4.12
1B,Bobby Dalbec (17427437),Bobby Dalbec,17427437,1B,3500,DET@BOS 05/06/2021 01:10PM ET,BOS,3.8
C,Kyle Higashioka (17427436),Kyle Higashioka,17427436,C,3500,HOU@NYY 05/06/2021 01:05PM ET,NYY,6.87
1B,Luke Voit (17427573),Luke Voit,17427573,1B,3500,HOU@NYY 05/06/2021 01:05PM ET,NYY,0
3B/OF,Hunter Dozier (17427434),Hunter Dozier,17427434,3B/OF,3500,CLE@KC 05/06/2021 02:10PM ET,KC,6.72
3B/OF,Cavan Biggio (17427431),Cavan Biggio,17427431,3B/OF,3500,TOR@OAK 05/06/2021 03:37PM ET,TOR,4.8
3B,Alec Bohm (17427441),Alec Bohm,17427441,3B,3400,MIL@PHI 05/06/2021 01:05PM ET,PHI,5.71
C,Yan Gomes (17427438),Yan Gomes,17427438,C,3400,ATL@WAS 05/06/2021 04:05PM ET,WAS,6.5
1B/2B,Marwin Gonzalez (17427443),Marwin Gonzalez,17427443,1B/2B,3400,DET@BOS 05/06/2021 01:10PM ET,BOS,5.68
2B,Alex De Goti (17427576),Alex De Goti,17427576,2B,3400,HOU@NYY 05/06/2021 01:05PM ET,HOU,7
OF,Max Kepler (17427440),Max Kepler,17427440,OF,3400,TEX@MIN 05/06/2021 01:10PM ET,MIN,6.21
OF,Lourdes Gurriel Jr. (17427439),Lourdes Gurriel Jr.,17427439,OF,3400,TOR@OAK 05/06/2021 03:37PM ET,TOR,5.08
1B,Mitch Moreland (17427442),Mitch Moreland,17427442,1B,3400,TOR@OAK 05/06/2021 03:37PM ET,OAK,5.68
2B/3B,Jonathan Villar (17427446),Jonathan Villar,17427446,2B/3B,3300,NYM@STL 05/06/2021 01:15PM ET,NYM,3.90
3B,Travis Shaw (17427450),Travis Shaw,17427450,3B,3300,MIL@PHI 05/06/2021 01:05PM ET,MIL,6.96
OF,Robbie Grossman (17427451),Robbie Grossman,17427451,OF,3300,DET@BOS 05/06/2021 01:10PM ET,DET,6.66
C,Dustin Garneau (17427578),Dustin Garneau,17427578,C,3300,DET@BOS 05/06/2021 01:10PM ET,DET,0
C,Roberto Perez (17427445),Roberto Perez,17427445,C,3300,CLE@KC 05/06/2021 02:10PM ET,CLE,5.58
1B,Miguel Sano (17427579),Miguel Sano,17427579,1B,3300,TEX@MIN 05/06/2021 01:10PM ET,MIN,5
3B/SS,Santiago Espinal (17427448),Santiago Espinal,17427448,3B/SS,3300,TOR@OAK 05/06/2021 03:37PM ET,TOR,3.23
C,Alejandro Kirk (17427577),Alejandro Kirk,17427577,C,3300,TOR@OAK 05/06/2021 03:37PM ET,TOR,5.41
SS,Luis Urias (17427457),Luis Urias,17427457,SS,3200,MIL@PHI 05/06/2021 01:05PM ET,MIL,5.86
1B/OF,Brad Miller (17427458),Brad Miller,17427458,1B/OF,3200,MIL@PHI 05/06/2021 01:05PM ET,PHI,4.90
OF,Yadiel Hernandez (17427452),Yadiel Hernandez,17427452,OF,3200,ATL@WAS 05/06/2021 04:05PM ET,WAS,4.75
3B,Starlin Castro (17427455),Starlin Castro,17427455,3B,3200,ATL@WAS 05/06/2021 04:05PM ET,WAS,5.15
1B,Danny Santana (17427580),Danny Santana,17427580,1B,3200,DET@BOS 05/06/2021 01:10PM ET,BOS,0
1B/OF,Josh Naylor (17427453),Josh Naylor,17427453,1B/OF,3200,CLE@KC 05/06/2021 02:10PM ET,CLE,6.08
OF,Jorge Soler (17427456),Jorge Soler,17427456,OF,3200,CLE@KC 05/06/2021 02:10PM ET,KC,5.76
C,Jose Trevino (17427460),Jose Trevino,17427460,C,3200,TEX@MIN 05/06/2021 01:10PM ET,TEX,4.30
2B/3B,Luis Guillorme (17427581),Luis Guillorme,17427581,2B/3B,3100,NYM@STL 05/06/2021 01:15PM ET,NYM,2.29
C,Jacob Nottingham (17427471),Jacob Nottingham,17427471,C,3100,MIL@PHI 05/06/2021 01:05PM ET,MIL,15
2B/3B,Jordy Mercer (17427467),Jordy Mercer,17427467,2B/3B,3100,ATL@WAS 05/06/2021 04:05PM ET,WAS,2.73
1B,Pablo Sandoval (17427469),Pablo Sandoval,17427469,1B,3100,ATL@WAS 05/06/2021 04:05PM ET,ATL,3.77
1B,Miguel Cabrera (17427461),Miguel Cabrera,17427461,1B,3100,DET@BOS 05/06/2021 01:10PM ET,DET,3.88
2B,Christian Arroyo (17427462),Christian Arroyo,17427462,2B,3100,DET@BOS 05/06/2021 01:10PM ET,BOS,5.18
OF,Hunter Renfroe (17427466),Hunter Renfroe,17427466,OF,3100,DET@BOS 05/06/2021 01:10PM ET,BOS,5.96
2B/3B,Aledmys Diaz (17427463),Aledmys Diaz,17427463,2B/3B,3100,HOU@NYY 05/06/2021 01:05PM ET,HOU,6.67
C,Jason Castro (17427470),Jason Castro,17427470,C,3100,HOU@NYY 05/06/2021 01:05PM ET,HOU,6
OF,Joey Gallo (17427465),Joey Gallo,17427465,OF,3100,TEX@MIN 05/06/2021 01:10PM ET,TEX,7.16
OF,Tyler O'Neill (17427473),Tyler O'Neill,17427473,OF,3000,NYM@STL 05/06/2021 01:15PM ET,STL,8.2
C,Andrew Knizner (17427475),Andrew Knizner,17427475,C,3000,NYM@STL 05/06/2021 01:15PM ET,STL,3.75
OF,Jackie Bradley Jr. (17427478),Jackie Bradley Jr.,17427478,OF,3000,MIL@PHI 05/06/2021 01:05PM ET,MIL,5.34
1B,Jonathan Schoop (17427472),Jonathan Schoop,17427472,1B,3000,DET@BOS 05/06/2021 01:10PM ET,DET,3.82
OF,Andrew Benintendi (17427476),Andrew Benintendi,17427476,OF,3000,CLE@KC 05/06/2021 02:10PM ET,KC,8.18
C,Austin Hedges (17427477),Austin Hedges,17427477,C,3000,CLE@KC 05/06/2021 02:10PM ET,CLE,4
OF,Adolis Garcia (17427474),Adolis Garcia,17427474,OF,3000,TEX@MIN 05/06/2021 01:10PM ET,TEX,9.23
SS,Elvis Andrus (17427479),Elvis Andrus,17427479,SS,3000,TOR@OAK 05/06/2021 03:37PM ET,OAK,3.4
OF,Austin Dean (17427586),Austin Dean,17427586,OF,2900,NYM@STL 05/06/2021 01:15PM ET,STL,3.22
2B/SS,Nick Maton (17427481),Nick Maton,17427481,2B/SS,2900,MIL@PHI 05/06/2021 01:05PM ET,PHI,4.69
OF,Lorenzo Cain (17427487),Lorenzo Cain,17427487,OF,2900,MIL@PHI 05/06/2021 01:05PM ET,MIL,9.3
C,Manny Pina (17427588),Manny Pina,17427588,C,2900,MIL@PHI 05/06/2021 01:05PM ET,MIL,5
C,Alex Avila (17427485),Alex Avila,17427485,C,2900,ATL@WAS 05/06/2021 04:05PM ET,WAS,4
C,William Contreras (17427488),William Contreras,17427488,C,2900,ATL@WAS 05/06/2021 04:05PM ET,ATL,11.67
OF,Guillermo Heredia (17427585),Guillermo Heredia,17427585,OF,2900,ATL@WAS 05/06/2021 04:05PM ET,ATL,8.31
2B,Jason Kipnis (17427590),Jason Kipnis,17427590,2B,2900,ATL@WAS 05/06/2021 04:05PM ET,ATL,0
C,Grayson Greiner (17427480),Grayson Greiner,17427480,C,2900,DET@BOS 05/06/2021 01:10PM ET,DET,4.2
2B,Zack Short (17427584),Zack Short,17427584,2B,2900,DET@BOS 05/06/2021 01:10PM ET,DET,3.5
OF,Aaron Hicks (17427489),Aaron Hicks,17427489,OF,2900,HOU@NYY 05/06/2021 01:05PM ET,NYY,5.74
OF,Clint Frazier (17427490),Clint Frazier,17427490,OF,2900,HOU@NYY 05/06/2021 01:05PM ET,NYY,4
3B,Charlie Culberson (17427486),Charlie Culberson,17427486,3B,2900,TEX@MIN 05/06/2021 01:10PM ET,TEX,5.85
C,Ryan Jeffers (17427587),Ryan Jeffers,17427587,C,2900,TEX@MIN 05/06/2021 01:10PM ET,MIN,2.82
OF,Brent Rooker (17427589),Brent Rooker,17427589,OF,2900,TEX@MIN 05/06/2021 01:10PM ET,MIN,3.25
1B/OF,Seth Brown (17427483),Seth Brown,17427483,1B/OF,2900,TOR@OAK 05/06/2021 03:37PM ET,OAK,4.29
OF,Josh Palacios (17427583),Josh Palacios,17427583,OF,2900,TOR@OAK 05/06/2021 03:37PM ET,TOR,5.3
OF,Matt Szczur (17427593),Matt Szczur,17427593,OF,2800,NYM@STL 05/06/2021 01:15PM ET,STL,0
C,Andrew Knapp (17427491),Andrew Knapp,17427491,C,2800,MIL@PHI 05/06/2021 01:05PM ET,PHI,2.93
OF,JaCoby Jones (17427494),JaCoby Jones,17427494,OF,2800,DET@BOS 05/06/2021 01:10PM ET,DET,3.64
2B/SS,Jonathan Arauz (17427591),Jonathan Arauz,17427591,2B/SS,2800,DET@BOS 05/06/2021 01:10PM ET,BOS,0
3B/OF,Yairo Munoz (17427595),Yairo Munoz,17427595,3B/OF,2800,DET@BOS 05/06/2021 01:10PM ET,BOS,0
1B,Mike Ford (17427493),Mike Ford,17427493,1B,2800,HOU@NYY 05/06/2021 01:05PM ET,NYY,4.7
SS,Andres Gimenez (17427492),Andres Gimenez,17427492,SS,2800,CLE@KC 05/06/2021 02:10PM ET,CLE,4.29
OF,Khris Davis (17427594),Khris Davis,17427594,OF,2800,TEX@MIN 05/06/2021 01:10PM ET,TEX,0
1B/2B,Matt Carpenter (17427499),Matt Carpenter,17427499,1B/2B,2700,NYM@STL 05/06/2021 01:15PM ET,STL,3.32
OF,Harrison Bader (17427501),Harrison Bader,17427501,OF,2700,NYM@STL 05/06/2021 01:15PM ET,STL,10.6
OF,Avisail Garcia (17427498),Avisail Garcia,17427498,OF,2700,MIL@PHI 05/06/2021 01:05PM ET,MIL,7.29
OF,Victor Robles (17427502),Victor Robles,17427502,OF,2700,ATL@WAS 05/06/2021 04:05PM ET,WAS,4.12
OF,Kyle Tucker (17427495),Kyle Tucker,17427495,OF,2700,HOU@NYY 05/06/2021 01:05PM ET,HOU,6.07
3B,Abraham Toro (17427600),Abraham Toro,17427600,3B,2700,HOU@NYY 05/06/2021 01:05PM ET,HOU,0.83
1B,Jake Bauers (17427504),Jake Bauers,17427504,1B,2700,CLE@KC 05/06/2021 02:10PM ET,CLE,2.67
SS,Nicky Lopez (17427506),Nicky Lopez,17427506,SS,2700,CLE@KC 05/06/2021 02:10PM ET,KC,4.93
OF,Ryan McBroom (17427598),Ryan McBroom,17427598,OF,2700,CLE@KC 05/06/2021 02:10PM ET,KC,1.4
OF,Willie Calhoun (17427505),Willie Calhoun,17427505,OF,2700,TEX@MIN 05/06/2021 01:10PM ET,TEX,7.93
2B/3B,Joe Panik (17427496),Joe Panik,17427496,2B/3B,2700,TOR@OAK 05/06/2021 03:37PM ET,TOR,3.05
C,Austin Allen (17427503),Austin Allen,17427503,C,2700,TOR@OAK 05/06/2021 03:37PM ET,OAK,0
1B,Rowdy Tellez (17427597),Rowdy Tellez,17427597,1B,2700,TOR@OAK 05/06/2021 03:37PM ET,TOR,3.67
C,Reese McGuire (17427599),Reese McGuire,17427599,C,2700,TOR@OAK 05/06/2021 03:37PM ET,TOR,2
SS,Edmundo Sosa (17427507),Edmundo Sosa,17427507,SS,2600,NYM@STL 05/06/2021 01:15PM ET,STL,1.75
2B,Jose Peraza (17427510),Jose Peraza,17427510,2B,2600,NYM@STL 05/06/2021 01:15PM ET,NYM,1.67
C,Ali Sanchez (17427518),Ali Sanchez,17427518,C,2600,NYM@STL 05/06/2021 01:15PM ET,STL,5
1B,Daniel Vogelbach (17427513),Daniel Vogelbach,17427513,1B,2600,MIL@PHI 05/06/2021 01:05PM ET,MIL,3.48
2B/OF,Jace Peterson (17427605),Jace Peterson,17427605,2B/OF,2600,MIL@PHI 05/06/2021 01:05PM ET,MIL,5.1
3B/SS,Ronald Torreyes (17427608),Ronald Torreyes,17427608,3B/SS,2600,MIL@PHI 05/06/2021 01:05PM ET,PHI,1
OF,Andrew Stevenson (17427511),Andrew Stevenson,17427511,OF,2600,ATL@WAS 05/06/2021 04:05PM ET,WAS,3.25
3B/SS,Orlando Arcia (17427601),Orlando Arcia,17427601,3B/SS,2600,ATL@WAS 05/06/2021 04:05PM ET,ATL,1.25
C,Kevin Plawecki (17427515),Kevin Plawecki,17427515,C,2600,DET@BOS 05/06/2021 01:10PM ET,BOS,3.3
1B,Ryan O'Hearn (17427508),Ryan O'Hearn,17427508,1B,2600,CLE@KC 05/06/2021 02:10PM ET,KC,6.25
OF,Michael A. Taylor (17427512),Michael A. Taylor,17427512,OF,2600,CLE@KC 05/06/2021 02:10PM ET,KC,5.79
3B,Hanser Alberto (17427517),Hanser Alberto,17427517,3B,2600,CLE@KC 05/06/2021 02:10PM ET,KC,3.30
C,Ryan Lavarnway (17427607),Ryan Lavarnway,17427607,C,2600,CLE@KC 05/06/2021 02:10PM ET,CLE,0
C,Jonah Heim (17427514),Jonah Heim,17427514,C,2600,TEX@MIN 05/06/2021 01:10PM ET,TEX,4.36
OF,Kyle Garlick (17427516),Kyle Garlick,17427516,OF,2600,TEX@MIN 05/06/2021 01:10PM ET,MIN,4.21
OF,Stephen Piscotty (17427509),Stephen Piscotty,17427509,OF,2600,TOR@OAK 05/06/2021 03:37PM ET,OAK,4.6
3B/OF,Chad Pinder (17427603),Chad Pinder,17427603,3B/OF,2600,TOR@OAK 05/06/2021 03:37PM ET,OAK,5.5
2B/3B,Pablo Reyes (17427520),Pablo Reyes,17427520,2B/3B,2500,MIL@PHI 05/06/2021 01:05PM ET,MIL,1.62
OF,Roman Quinn (17427522),Roman Quinn,17427522,OF,2500,MIL@PHI 05/06/2021 01:05PM ET,PHI,3.42
OF,Mickey Moniak (17427612),Mickey Moniak,17427612,OF,2500,MIL@PHI 05/06/2021 01:05PM ET,PHI,3.4
2B/OF,Scott Kingery (17427613),Scott Kingery,17427613,2B/OF,2500,MIL@PHI 05/06/2021 01:05PM ET,PHI,0.33
C,Alex Jackson (17427610),Alex Jackson,17427610,C,2500,ATL@WAS 05/06/2021 04:05PM ET,ATL,1.7
OF,Victor Reyes (17427523),Victor Reyes,17427523,OF,2500,DET@BOS 05/06/2021 01:10PM ET,DET,3.32
OF,Myles Straw (17427519),Myles Straw,17427519,OF,2500,HOU@NYY 05/06/2021 01:05PM ET,HOU,5.79
3B/OF,Miguel Andujar (17427616),Miguel Andujar,17427616,3B/OF,2500,HOU@NYY 05/06/2021 01:05PM ET,NYY,0
OF,Ben Gamel (17427611),Ben Gamel,17427611,OF,2500,CLE@KC 05/06/2021 02:10PM ET,CLE,1.18
3B,Brock Holt (17427615),Brock Holt,17427615,3B,2500,TEX@MIN 05/06/2021 01:10PM ET,TEX,5.27
OF,Justin Williams (17427528),Justin Williams,17427528,OF,2400,NYM@STL 05/06/2021 01:15PM ET,STL,3.93
OF,Kevin Pillar (17427530),Kevin Pillar,17427530,OF,2400,NYM@STL 05/06/2021 01:15PM ET,NYM,4.65
OF,Lane Thomas (17427618),Lane Thomas,17427618,OF,2400,NYM@STL 05/06/2021 01:15PM ET,STL,2
C,Tyler Heineman (17427622),Tyler Heineman,17427622,C,2400,NYM@STL 05/06/2021 01:15PM ET,STL,0
1B/2B,Harold Castro (17427525),Harold Castro,17427525,1B/2B,2400,DET@BOS 05/06/2021 01:10PM ET,DET,2.18
OF,Nomar Mazara (17427620),Nomar Mazara,17427620,OF,2400,DET@BOS 05/06/2021 01:10PM ET,DET,5.08
C,Meibrys Viloria (17427621),Meibrys Viloria,17427621,C,2400,CLE@KC 05/06/2021 02:10PM ET,KC,0
C,Ben Rortvedt (17427527),Ben Rortvedt,17427527,C,2400,TEX@MIN 05/06/2021 01:10PM ET,MIN,3
OF,David Dahl (17427529),David Dahl,17427529,OF,2400,TEX@MIN 05/06/2021 01:10PM ET,TEX,4.78
C,Danny Jansen (17427524),Danny Jansen,17427524,C,2400,TOR@OAK 05/06/2021 03:37PM ET,TOR,1.81
C,Aramis Garcia (17427619),Aramis Garcia,17427619,C,2400,TOR@OAK 05/06/2021 03:37PM ET,OAK,2.77
1B/OF,John Nogowski (17427631),John Nogowski,17427631,1B/OF,2300,NYM@STL 05/06/2021 01:15PM ET,STL,0.85
C,Rafael Marchan (17427633),Rafael Marchan,17427633,C,2300,MIL@PHI 05/06/2021 01:05PM ET,PHI,0
OF,Cristian Pache (17427534),Cristian Pache,17427534,OF,2300,ATL@WAS 05/06/2021 04:05PM ET,ATL,3.33
2B/SS,Luis Garcia (17427629),Luis Garcia,17427629,2B/SS,2300,ATL@WAS 05/06/2021 04:05PM ET,WAS,1.17
1B,Michael Chavis (17427634),Michael Chavis,17427634,1B,2300,DET@BOS 05/06/2021 01:10PM ET,BOS,2
OF,Chas McCormick (17427531),Chas McCormick,17427531,OF,2300,HOU@NYY 05/06/2021 01:05PM ET,HOU,4.29
OF,Brett Gardner (17427536),Brett Gardner,17427536,OF,2300,HOU@NYY 05/06/2021 01:05PM ET,NYY,3.14
OF,Jarrod Dyson (17427535),Jarrod Dyson,17427535,OF,2300,CLE@KC 05/06/2021 02:10PM ET,KC,2.75
3B,Erick Mejia (17427624),Erick Mejia,17427624,3B,2300,CLE@KC 05/06/2021 02:10PM ET,KC,0
SS,Ernie Clement (17427625),Ernie Clement,17427625,SS,2300,CLE@KC 05/06/2021 02:10PM ET,CLE,0
1B,Aaron Sabato (17427626),Aaron Sabato,17427626,1B,2300,TEX@MIN 05/06/2021 01:10PM ET,MIN,0
3B/SS,Anderson Tejeda (17427627),Anderson Tejeda,17427627,3B/SS,2300,TEX@MIN 05/06/2021 01:10PM ET,TEX,2.4
2B/OF,Tony Kemp (17427532),Tony Kemp,17427532,2B/OF,2300,TOR@OAK 05/06/2021 03:37PM ET,OAK,3.58
SS,Richard Urena (17427623),Richard Urena,17427623,SS,2300,TOR@OAK 05/06/2021 03:37PM ET,TOR,0
C,Caleb Joseph (17427644),Caleb Joseph,17427644,C,2200,NYM@STL 05/06/2021 01:15PM ET,NYM,0
OF,Ender Inciarte (17427635),Ender Inciarte,17427635,OF,2200,ATL@WAS 05/06/2021 04:05PM ET,ATL,2.25
3B/SS,Johan Camargo (17427638),Johan Camargo,17427638,3B/SS,2200,ATL@WAS 05/06/2021 04:05PM ET,ATL,0.22
2B/3B,Yolmer Sanchez (17427640),Yolmer Sanchez,17427640,2B/3B,2200,ATL@WAS 05/06/2021 04:05PM ET,ATL,0
SS,Ryan Goins (17427643),Ryan Goins,17427643,SS,2200,ATL@WAS 05/06/2021 04:05PM ET,ATL,0
OF,Franchy Cordero (17427538),Franchy Cordero,17427538,OF,2200,DET@BOS 05/06/2021 01:10PM ET,BOS,2.70
OF,Harold Ramirez (17427537),Harold Ramirez,17427537,OF,2200,CLE@KC 05/06/2021 02:10PM ET,CLE,8
2B,Owen Miller (17427636),Owen Miller,17427636,2B,2200,CLE@KC 05/06/2021 02:10PM ET,CLE,0
SS,Aaron Bracho (17427637),Aaron Bracho,17427637,SS,2200,CLE@KC 05/06/2021 02:10PM ET,CLE,0
2B,Travis Blankenhorn (17427642),Travis Blankenhorn,17427642,2B,2200,TEX@MIN 05/06/2021 01:10PM ET,MIN,2
1B/3B,Brandon Drury (17427655),Brandon Drury,17427655,1B/3B,2100,NYM@STL 05/06/2021 01:15PM ET,NYM,0
OF,Billy McKinney (17427539),Billy McKinney,17427539,OF,2100,MIL@PHI 05/06/2021 01:05PM ET,MIL,4
OF,Tyrone Taylor (17427544),Tyrone Taylor,17427544,OF,2100,MIL@PHI 05/06/2021 01:05PM ET,MIL,5.39
OF,Matt Joyce (17427545),Matt Joyce,17427545,OF,2100,MIL@PHI 05/06/2021 01:05PM ET,PHI,1.72
C,Jeff Mathis (17427543),Jeff Mathis,17427543,C,2100,ATL@WAS 05/06/2021 04:05PM ET,ATL,0
OF,Phillip Ervin (17427645),Phillip Ervin,17427645,OF,2100,ATL@WAS 05/06/2021 04:05PM ET,ATL,0
OF,Daz Cameron (17427650),Daz Cameron,17427650,OF,2100,DET@BOS 05/06/2021 01:10PM ET,DET,0
OF,Derek Hill (17427651),Derek Hill,17427651,OF,2100,DET@BOS 05/06/2021 01:10PM ET,DET,0
2B/SS,Tyler Wade (17427541),Tyler Wade,17427541,2B/SS,2100,HOU@NYY 05/06/2021 01:05PM ET,NYY,0.92
1B/3B,Taylor Jones (17427646),Taylor Jones,17427646,1B/3B,2100,HOU@NYY 05/06/2021 01:05PM ET,HOU,4.67
1B,Yu Chang (17427540),Yu Chang,17427540,1B,2100,CLE@KC 05/06/2021 02:10PM ET,CLE,2.55
OF,Jake Cave (17427546),Jake Cave,17427546,OF,2100,TEX@MIN 05/06/2021 01:10PM ET,MIN,3.41
1B/OF,Ronald Guzman (17427648),Ronald Guzman,17427648,1B/OF,2100,TEX@MIN 05/06/2021 01:10PM ET,TEX,2.29
3B/OF,Tzu-Wei Lin (17427652),Tzu-Wei Lin,17427652,3B/OF,2100,TEX@MIN 05/06/2021 01:10PM ET,MIN,0
OF,Rob Refsnyder (17427654),Rob Refsnyder,17427654,OF,2100,TEX@MIN 05/06/2021 01:10PM ET,MIN,0
C,Tomas Nido (17427548),Tomas Nido,17427548,C,2000,NYM@STL 05/06/2021 01:15PM ET,NYM,4.75
OF,Albert Almora Jr. (17427549),Albert Almora Jr.,17427549,OF,2000,NYM@STL 05/06/2021 01:15PM ET,NYM,0.5
1B,Jose Martinez (17427660),Jose Martinez,17427660,1B,2000,NYM@STL 05/06/2021 01:15PM ET,NYM,0
OF,Conner Capel (17427712),Conner Capel,17427712,OF,2000,NYM@STL 05/06/2021 01:15PM ET,STL,0
1B,Evan Mendoza (17427716),Evan Mendoza,17427716,1B,2000,NYM@STL 05/06/2021 01:15PM ET,STL,0
OF,Scott Hurst (17427718),Scott Hurst,17427718,OF,2000,NYM@STL 05/06/2021 01:15PM ET,STL,0
C,David Rodriguez (17427724),David Rodriguez,17427724,C,2000,NYM@STL 05/06/2021 01:15PM ET,NYM,0
SS,Jose Rondon (17427729),Jose Rondon,17427729,SS,2000,NYM@STL 05/06/2021 01:15PM ET,STL,0
3B,Nolan Gorman (17427738),Nolan Gorman,17427738,3B,2000,NYM@STL 05/06/2021 01:15PM ET,STL,0
C,Deivy Grullon (17427739),Deivy Grullon,17427739,C,2000,NYM@STL 05/06/2021 01:15PM ET,NYM,0
OF,Mallex Smith (17427741),Mallex Smith,17427741,OF,2000,NYM@STL 05/06/2021 01:15PM ET,NYM,0
OF,Pete Crow-Armstrong (17427742),Pete Crow-Armstrong,17427742,OF,2000,NYM@STL 05/06/2021 01:15PM ET,NYM,0
OF,Johneshwy Fargas (17427743),Johneshwy Fargas,17427743,OF,2000,NYM@STL 05/06/2021 01:15PM ET,NYM,0
OF,Drew Ferguson (17427747),Drew Ferguson,17427747,OF,2000,NYM@STL 05/06/2021 01:15PM ET,NYM,0
OF,Khalil Lee (17427748),Khalil Lee,17427748,OF,2000,NYM@STL 05/06/2021 01:15PM ET,NYM,0
3B/SS,Mark Vientos (17427763),Mark Vientos,17427763,3B/SS,2000,NYM@STL 05/06/2021 01:15PM ET,NYM,0
C,Ivan Herrera (17427769),Ivan Herrera,17427769,C,2000,NYM@STL 05/06/2021 01:15PM ET,STL,0
SS,Ronny Mauricio (17427779),Ronny Mauricio,17427779,SS,2000,NYM@STL 05/06/2021 01:15PM ET,NYM,0
C,Bruce Maxwell (17427794),Bruce Maxwell,17427794,C,2000,NYM@STL 05/06/2021 01:15PM ET,NYM,0
C,Patrick Mazeika (17427795),Patrick Mazeika,17427795,C,2000,NYM@STL 05/06/2021 01:15PM ET,NYM,0
SS,Delvin Perez (17427799),Delvin Perez,17427799,SS,2000,NYM@STL 05/06/2021 01:15PM ET,STL,0
1B/2B,Jake Hager (17427810),Jake Hager,17427810,1B/2B,2000,NYM@STL 05/06/2021 01:15PM ET,NYM,0
1B,Luken Baker (17427820),Luken Baker,17427820,1B,2000,NYM@STL 05/06/2021 01:15PM ET,STL,0
SS,Wilfredo Tovar (17427823),Wilfredo Tovar,17427823,SS,2000,NYM@STL 05/06/2021 01:15PM ET,NYM,0
2B/SS,Max Moroff (17427845),Max Moroff,17427845,2B/SS,2000,NYM@STL 05/06/2021 01:15PM ET,STL,0
C,Francisco Alvarez (17427855),Francisco Alvarez,17427855,C,2000,NYM@STL 05/06/2021 01:15PM ET,NYM,0
3B,Brett Baty (17427861),Brett Baty,17427861,3B,2000,NYM@STL 05/06/2021 01:15PM ET,NYM,0
C,Luke Maile (17427552),Luke Maile,17427552,C,2000,MIL@PHI 05/06/2021 01:05PM ET,MIL,3.4
OF,Odubel Herrera (17427553),Odubel Herrera,17427553,OF,2000,MIL@PHI 05/06/2021 01:05PM ET,PHI,1.3
2B/SS,Daniel Robertson (17427675),Daniel Robertson,17427675,2B/SS,2000,MIL@PHI 05/06/2021 01:05PM ET,MIL,1.56
OF,Mark Mathias (17427693),Mark Mathias,17427693,OF,2000,MIL@PHI 05/06/2021 01:05PM ET,MIL,0
OF,Derek Fisher (17427694),Derek Fisher,17427694,OF,2000,MIL@PHI 05/06/2021 01:05PM ET,MIL,0
OF,Tim Lopes (17427695),Tim Lopes,17427695,OF,2000,MIL@PHI 05/06/2021 01:05PM ET,MIL,0
2B/SS,Dee Strange-Gordon (17427696),Dee Strange-Gordon,17427696,2B/SS,2000,MIL@PHI 05/06/2021 01:05PM ET,MIL,0
3B/OF,Dustin Peterson (17427698),Dustin Peterson,17427698,3B/OF,2000,MIL@PHI 05/06/2021 01:05PM ET,MIL,0
OF,Dylan Cozens (17427700),Dylan Cozens,17427700,OF,2000,MIL@PHI 05/06/2021 01:05PM ET,MIL,0
OF,Garrett Mitchell (17427701),Garrett Mitchell,17427701,OF,2000,MIL@PHI 05/06/2021 01:05PM ET,MIL,0
OF,Micah Bello (17427703),Micah Bello,17427703,OF,2000,MIL@PHI 05/06/2021 01:05PM ET,MIL,0
OF,Tristen Lutz (17427706),Tristen Lutz,17427706,OF,2000,MIL@PHI 05/06/2021 01:05PM ET,MIL,0
OF,Corey Ray (17427708),Corey Ray,17427708,OF,2000,MIL@PHI 05/06/2021 01:05PM ET,MIL,4
OF,Hedbert Perez (17427710),Hedbert Perez,17427710,OF,2000,MIL@PHI 05/06/2021 01:05PM ET,MIL,0
3B/SS,C.J. Chatham (17427735),C.J. Chatham,17427735,3B/SS,2000,MIL@PHI 05/06/2021 01:05PM ET,PHI,0
SS,Bryson Stott (17427740),Bryson Stott,17427740,SS,2000,MIL@PHI 05/06/2021 01:05PM ET,PHI,0
C,Rodolfo Duran (17427759),Rodolfo Duran,17427759,C,2000,MIL@PHI 05/06/2021 01:05PM ET,PHI,0
OF,Travis Jankowski (17427772),Travis Jankowski,17427772,OF,2000,MIL@PHI 05/06/2021 01:05PM ET,PHI,0
OF,Adam Haseley (17427777),Adam Haseley,17427777,OF,2000,MIL@PHI 05/06/2021 01:05PM ET,PHI,2
3B,Zach Green (17427797),Zach Green,17427797,3B,2000,MIL@PHI 05/06/2021 01:05PM ET,MIL,0
C,Logan O'Hoppe (17427812),Logan O'Hoppe,17427812,C,2000,MIL@PHI 05/06/2021 01:05PM ET,PHI,0
C,Mario Feliciano (17427821),Mario Feliciano,17427821,C,2000,MIL@PHI 05/06/2021 01:05PM ET,MIL,4
C,Christian Kelley (17427825),Christian Kelley,17427825,C,2000,MIL@PHI 05/06/2021 01:05PM ET,MIL,0
C,Payton Henry (17427843),Payton Henry,17427843,C,2000,MIL@PHI 05/06/2021 01:05PM ET,MIL,0
SS,Freddy Zamora (17427853),Freddy Zamora,17427853,SS,2000,MIL@PHI 05/06/2021 01:05PM ET,MIL,0
SS,Brice Turang (17427875),Brice Turang,17427875,SS,2000,MIL@PHI 05/06/2021 01:05PM ET,MIL,0
1B/SS,Sean Kazmar Jr. (17427561),Sean Kazmar Jr.,17427561,1B/SS,2000,ATL@WAS 05/06/2021 04:05PM ET,ATL,0
3B,Carter Kieboom (17427668),Carter Kieboom,17427668,3B,2000,ATL@WAS 05/06/2021 04:05PM ET,WAS,1
OF,Abraham Almonte (17427685),Abraham Almonte,17427685,OF,2000,ATL@WAS 05/06/2021 04:05PM ET,ATL,0
OF,Travis Demeritte (17427687),Travis Demeritte,17427687,OF,2000,ATL@WAS 05/06/2021 04:05PM ET,ATL,0
OF,Trey Harris (17427690),Trey Harris,17427690,OF,2000,ATL@WAS 05/06/2021 04:05PM ET,ATL,0
OF,Michael Harris (17427691),Michael Harris,17427691,OF,2000,ATL@WAS 05/06/2021 04:05PM ET,ATL,0
OF,Drew Waters (17427692),Drew Waters,17427692,OF,2000,ATL@WAS 05/06/2021 04:05PM ET,ATL,0
2B/3B,Adrian Sanchez (17427704),Adrian Sanchez,17427704,2B/3B,2000,ATL@WAS 05/06/2021 04:05PM ET,WAS,0
C,Jonathan Morales (17427711),Jonathan Morales,17427711,C,2000,ATL@WAS 05/06/2021 04:05PM ET,ATL,0
3B,Jake Noll (17427722),Jake Noll,17427722,3B,2000,ATL@WAS 05/06/2021 04:05PM ET,WAS,0
C,Raudy Read (17427727),Raudy Read,17427727,C,2000,ATL@WAS 05/06/2021 04:05PM ET,WAS,0
2B/OF,Hernan Perez (17427749),Hernan Perez,17427749,2B/OF,2000,ATL@WAS 05/06/2021 04:05PM ET,WAS,0.9
OF,Gerardo Parra (17427752),Gerardo Parra,17427752,OF,2000,ATL@WAS 05/06/2021 04:05PM ET,WAS,0
OF,Carlos Tocci (17427754),Carlos Tocci,17427754,OF,2000,ATL@WAS 05/06/2021 04:05PM ET,WAS,0
OF,Cody Wilson (17427757),Cody Wilson,17427757,OF,2000,ATL@WAS 05/06/2021 04:05PM ET,WAS,0
OF,Yasmany Tomas (17427758),Yasmany Tomas,17427758,OF,2000,ATL@WAS 05/06/2021 04:05PM ET,WAS,0
C,Jakson Reetz (17427762),Jakson Reetz,17427762,C,2000,ATL@WAS 05/06/2021 04:05PM ET,WAS,0
SS,Yasel Antuna (17427770),Yasel Antuna,17427770,SS,2000,ATL@WAS 05/06/2021 04:05PM ET,WAS,0
C,Tres Barrera (17427775),Tres Barrera,17427775,C,2000,ATL@WAS 05/06/2021 04:05PM ET,WAS,0
C,Blake Swihart (17427803),Blake Swihart,17427803,C,2000,ATL@WAS 05/06/2021 04:05PM ET,WAS,0
C,Israel Pineda (17427814),Israel Pineda,17427814,C,2000,ATL@WAS 05/06/2021 04:05PM ET,WAS,0
3B,Drew Mendoza (17427817),Drew Mendoza,17427817,3B,2000,ATL@WAS 05/06/2021 04:05PM ET,WAS,0
1B,Bryce Ball (17427818),Bryce Ball,17427818,1B,2000,ATL@WAS 05/06/2021 04:05PM ET,ATL,0
C,Shea Langeliers (17427829),Shea Langeliers,17427829,C,2000,ATL@WAS 05/06/2021 04:05PM ET,ATL,0
C,Logan Brown (17427860),Logan Brown,17427860,C,2000,ATL@WAS 05/06/2021 04:05PM ET,ATL,0
3B,Brandon Snyder (17427863),Brandon Snyder,17427863,3B,2000,ATL@WAS 05/06/2021 04:05PM ET,WAS,0
SS,Braden Shewmake (17427867),Braden Shewmake,17427867,SS,2000,ATL@WAS 05/06/2021 04:05PM ET,ATL,0
2B/3B,Isaac Paredes (17427665),Isaac Paredes,17427665,2B/3B,2000,DET@BOS 05/06/2021 01:10PM ET,DET,0
C,Eric Haase (17427673),Eric Haase,17427673,C,2000,DET@BOS 05/06/2021 01:10PM ET,DET,0
SS,Jeter Downs (17427721),Jeter Downs,17427721,SS,2000,DET@BOS 05/06/2021 01:10PM ET,BOS,0
2B,Kody Clemens (17427731),Kody Clemens,17427731,2B,2000,DET@BOS 05/06/2021 01:10PM ET,DET,0
C,Ronaldo Hernandez (17427732),Ronaldo Hernandez,17427732,C,2000,DET@BOS 05/06/2021 01:10PM ET,BOS,0
2B,Nick Yorke (17427744),Nick Yorke,17427744,2B,2000,DET@BOS 05/06/2021 01:10PM ET,BOS,0
3B,Spencer Torkelson (17427745),Spencer Torkelson,17427745,3B,2000,DET@BOS 05/06/2021 01:10PM ET,DET,0
3B,Triston Casas (17427761),Triston Casas,17427761,3B,2000,DET@BOS 05/06/2021 01:10PM ET,BOS,0
OF,Cesar Puello (17427787),Cesar Puello,17427787,OF,2000,DET@BOS 05/06/2021 01:10PM ET,BOS,0
OF,Michael Gettys (17427790),Michael Gettys,17427790,OF,2000,DET@BOS 05/06/2021 01:10PM ET,BOS,0
OF,Marcus Wilson (17427798),Marcus Wilson,17427798,OF,2000,DET@BOS 05/06/2021 01:10PM ET,BOS,0
OF,Gilberto Jimenez (17427806),Gilberto Jimenez,17427806,OF,2000,DET@BOS 05/06/2021 01:10PM ET,BOS,0
OF,Jeisson Rosario (17427807),Jeisson Rosario,17427807,OF,2000,DET@BOS 05/06/2021 01:10PM ET,BOS,0
C,Dillon Dingler (17427813),Dillon Dingler,17427813,C,2000,DET@BOS 05/06/2021 01:10PM ET,DET,0
C,Jake Rogers (17427819),Jake Rogers,17427819,C,2000,DET@BOS 05/06/2021 01:10PM ET,DET,0
OF,Jarren Duran (17427822),Jarren Duran,17427822,OF,2000,DET@BOS 05/06/2021 01:10PM ET,BOS,0
C,Brady Policelli (17427827),Brady Policelli,17427827,C,2000,DET@BOS 05/06/2021 01:10PM ET,DET,0
OF,Christin Stewart (17427842),Christin Stewart,17427842,OF,2000,DET@BOS 05/06/2021 01:10PM ET,DET,0
OF,Jacob Robson (17427848),Jacob Robson,17427848,OF,2000,DET@BOS 05/06/2021 01:10PM ET,DET,0
OF,Parker Meadows (17427850),Parker Meadows,17427850,OF,2000,DET@BOS 05/06/2021 01:10PM ET,DET,0
OF,Riley Greene (17427851),Riley Greene,17427851,OF,2000,DET@BOS 05/06/2021 01:10PM ET,DET,0
C,Chris Herrmann (17427852),Chris Herrmann,17427852,C,2000,DET@BOS 05/06/2021 01:10PM ET,BOS,0
C,Jett Bandy (17427862),Jett Bandy,17427862,C,2000,DET@BOS 05/06/2021 01:10PM ET,BOS,0
C,Connor Wong (17427865),Connor Wong,17427865,C,2000,DET@BOS 05/06/2021 01:10PM ET,BOS,0
1B,Josh Ockimey (17427869),Josh Ockimey,17427869,1B,2000,DET@BOS 05/06/2021 01:10PM ET,BOS,0
C,Martin Maldonado (17427547),Martin Maldonado,17427547,C,2000,HOU@NYY 05/06/2021 01:05PM ET,HOU,2.14
2B/3B,Robel Garcia (17427555),Robel Garcia,17427555,2B/3B,2000,HOU@NYY 05/06/2021 01:05PM ET,HOU,1.33
C,Robinson Chirinos (17427657),Robinson Chirinos,17427657,C,2000,HOU@NYY 05/06/2021 01:05PM ET,NYY,0
OF,Ronnie Dawson (17427658),Ronnie Dawson,17427658,OF,2000,HOU@NYY 05/06/2021 01:05PM ET,HOU,3
OF,Jake Meyers (17427659),Jake Meyers,17427659,OF,2000,HOU@NYY 05/06/2021 01:05PM ET,HOU,0
OF,Zach Daniels (17427661),Zach Daniels,17427661,OF,2000,HOU@NYY 05/06/2021 01:05PM ET,HOU,0
OF,Jose Siri (17427662),Jose Siri,17427662,OF,2000,HOU@NYY 05/06/2021 01:05PM ET,HOU,0
2B/3B,Derek Dietrich (17427663),Derek Dietrich,17427663,2B/3B,2000,HOU@NYY 05/06/2021 01:05PM ET,NYY,0
OF,Colin Barber (17427670),Colin Barber,17427670,OF,2000,HOU@NYY 05/06/2021 01:05PM ET,HOU,0
2B/SS,Andrew Velazquez (17427679),Andrew Velazquez,17427679,2B/SS,2000,HOU@NYY 05/06/2021 01:05PM ET,NYY,0
C,Rob Brantly (17427702),Rob Brantly,17427702,C,2000,HOU@NYY 05/06/2021 01:05PM ET,NYY,0
C,Garrett Stubbs (17427715),Garrett Stubbs,17427715,C,2000,HOU@NYY 05/06/2021 01:05PM ET,HOU,0
C,Anthony Seigler (17427717),Anthony Seigler,17427717,C,2000,HOU@NYY 05/06/2021 01:05PM ET,NYY,0
SS,Grae Kessinger (17427723),Grae Kessinger,17427723,SS,2000,HOU@NYY 05/06/2021 01:05PM ET,HOU,0
C,Korey Lee (17427725),Korey Lee,17427725,C,2000,HOU@NYY 05/06/2021 01:05PM ET,HOU,0
SS,Kyle Holder (17427746),Kyle Holder,17427746,SS,2000,HOU@NYY 05/06/2021 01:05PM ET,NYY,0
2B,Freudis Nova (17427751),Freudis Nova,17427751,2B,2000,HOU@NYY 05/06/2021 01:05PM ET,HOU,0
C,Josh Breaux (17427755),Josh Breaux,17427755,C,2000,HOU@NYY 05/06/2021 01:05PM ET,NYY,0
2B/SS,Ezequiel Duran (17427765),Ezequiel Duran,17427765,2B/SS,2000,HOU@NYY 05/06/2021 01:05PM ET,NYY,0
SS,Jeremy Pena (17427788),Jeremy Pena,17427788,SS,2000,HOU@NYY 05/06/2021 01:05PM ET,HOU,0
C,Austin Wells (17427792),Austin Wells,17427792,C,2000,HOU@NYY 05/06/2021 01:05PM ET,NYY,0
C,Colton Shaver (17427809),Colton Shaver,17427809,C,2000,HOU@NYY 05/06/2021 01:05PM ET,HOU,0
C,Max McDowell (17427824),Max McDowell,17427824,C,2000,HOU@NYY 05/06/2021 01:05PM ET,NYY,0
C,Michael Papierski (17427833),Michael Papierski,17427833,C,2000,HOU@NYY 05/06/2021 01:05PM ET,HOU,0
OF,Greg Allen (17427859),Greg Allen,17427859,OF,2000,HOU@NYY 05/06/2021 01:05PM ET,NYY,0
OF,Ryan LaMarre (17427864),Ryan LaMarre,17427864,OF,2000,HOU@NYY 05/06/2021 01:05PM ET,NYY,0
OF,Michael Beltre (17427866),Michael Beltre,17427866,OF,2000,HOU@NYY 05/06/2021 01:05PM ET,NYY,0
OF,Socrates Brito (17427871),Socrates Brito,17427871,OF,2000,HOU@NYY 05/06/2021 01:05PM ET,NYY,0
SS,Oswald Peraza (17427873),Oswald Peraza,17427873,SS,2000,HOU@NYY 05/06/2021 01:05PM ET,NYY,0
OF,Estevan Florial (17427878),Estevan Florial,17427878,OF,2000,HOU@NYY 05/06/2021 01:05PM ET,NYY,0
C,Sebastian Rivero (17427557),Sebastian Rivero,17427557,C,2000,CLE@KC 05/06/2021 02:10PM ET,KC,0
3B,Kelvin Gutierrez (17427683),Kelvin Gutierrez,17427683,3B,2000,CLE@KC 05/06/2021 02:10PM ET,KC,0
C,Cam Gallagher (17427686),Cam Gallagher,17427686,C,2000,CLE@KC 05/06/2021 02:10PM ET,KC,1.11
SS,Nick Loftin (17427709),Nick Loftin,17427709,SS,2000,CLE@KC 05/06/2021 02:10PM ET,KC,0
C,Bo Naylor (17427719),Bo Naylor,17427719,C,2000,CLE@KC 05/06/2021 02:10PM ET,CLE,0
OF,Bradley Zimmer (17427720),Bradley Zimmer,17427720,OF,2000,CLE@KC 05/06/2021 02:10PM ET,CLE,0
OF,Oscar Mercado (17427728),Oscar Mercado,17427728,OF,2000,CLE@KC 05/06/2021 02:10PM ET,CLE,0
OF,Daniel Johnson (17427730),Daniel Johnson,17427730,OF,2000,CLE@KC 05/06/2021 02:10PM ET,CLE,0
OF,Will Benson (17427734),Will Benson,17427734,OF,2000,CLE@KC 05/06/2021 02:10PM ET,CLE,0
OF,George Valera (17427737),George Valera,17427737,OF,2000,CLE@KC 05/06/2021 02:10PM ET,CLE,0
3B,Emmanuel Rivera (17427753),Emmanuel Rivera,17427753,3B,2000,CLE@KC 05/06/2021 02:10PM ET,KC,0
2B,Bobby Witt Jr. (17427756),Bobby Witt Jr.,17427756,2B,2000,CLE@KC 05/06/2021 02:10PM ET,KC,0
C,Freddy Fermin (17427760),Freddy Fermin,17427760,C,2000,CLE@KC 05/06/2021 02:10PM ET,KC,0
3B,Nolan Jones (17427789),Nolan Jones,17427789,3B,2000,CLE@KC 05/06/2021 02:10PM ET,CLE,0
SS,Tyler Freeman (17427791),Tyler Freeman,17427791,SS,2000,CLE@KC 05/06/2021 02:10PM ET,CLE,0
SS,Jeison Guzman (17427801),Jeison Guzman,17427801,SS,2000,CLE@KC 05/06/2021 02:10PM ET,KC,0
1B,Nick Pratto (17427802),Nick Pratto,17427802,1B,2000,CLE@KC 05/06/2021 02:10PM ET,KC,0
SS,Lucius Fox (17427826),Lucius Fox,17427826,SS,2000,CLE@KC 05/06/2021 02:10PM ET,KC,0
OF,Kyle Isbel (17427828),Kyle Isbel,17427828,OF,2000,CLE@KC 05/06/2021 02:10PM ET,KC,4.75
OF,Edward Olivares (17427831),Edward Olivares,17427831,OF,2000,CLE@KC 05/06/2021 02:10PM ET,KC,0
OF,Bubba Starling (17427834),Bubba Starling,17427834,OF,2000,CLE@KC 05/06/2021 02:10PM ET,KC,0
OF,Seuly Matias (17427835),Seuly Matias,17427835,OF,2000,CLE@KC 05/06/2021 02:10PM ET,KC,0
OF,Erick Pena (17427837),Erick Pena,17427837,OF,2000,CLE@KC 05/06/2021 02:10PM ET,KC,0
1B,Bobby Bradley (17427839),Bobby Bradley,17427839,1B,2000,CLE@KC 05/06/2021 02:10PM ET,CLE,0
SS,Brayan Rocchio (17427858),Brayan Rocchio,17427858,SS,2000,CLE@KC 05/06/2021 02:10PM ET,CLE,0
C,MJ Melendez (17427868),MJ Melendez,17427868,C,2000,CLE@KC 05/06/2021 02:10PM ET,KC,0
SS,Gabriel Arias (17427870),Gabriel Arias,17427870,SS,2000,CLE@KC 05/06/2021 02:10PM ET,CLE,0
C,Nick Dini (17427872),Nick Dini,17427872,C,2000,CLE@KC 05/06/2021 02:10PM ET,KC,0
OF,Eli White (17427554),Eli White,17427554,OF,2000,TEX@MIN 05/06/2021 01:10PM ET,TEX,3.16
SS,Nick Gordon (17427558),Nick Gordon,17427558,SS,2000,TEX@MIN 05/06/2021 01:10PM ET,MIN,0
2B,Andy Ibanez (17427559),Andy Ibanez,17427559,2B,2000,TEX@MIN 05/06/2021 01:10PM ET,TEX,4
1B,Sherten Apostel (17427667),Sherten Apostel,17427667,1B,2000,TEX@MIN 05/06/2021 01:10PM ET,TEX,0
C,Sam Huff (17427669),Sam Huff,17427669,C,2000,TEX@MIN 05/06/2021 01:10PM ET,TEX,0
C,Drew Butera (17427674),Drew Butera,17427674,C,2000,TEX@MIN 05/06/2021 01:10PM ET,TEX,0
2B/SS,JT Riddle (17427688),JT Riddle,17427688,2B/SS,2000,TEX@MIN 05/06/2021 01:10PM ET,MIN,2
3B,Josh Jung (17427713),Josh Jung,17427713,3B,2000,TEX@MIN 05/06/2021 01:10PM ET,TEX,0
1B/C,John Hicks (17427767),John Hicks,17427767,C/1B,2000,TEX@MIN 05/06/2021 01:10PM ET,TEX,0
3B,Davis Wendzel (17427771),Davis Wendzel,17427771,3B,2000,TEX@MIN 05/06/2021 01:10PM ET,TEX,0
3B,Jose Miranda (17427776),Jose Miranda,17427776,3B,2000,TEX@MIN 05/06/2021 01:10PM ET,MIN,0
OF,Leody Taveras (17427778),Leody Taveras,17427778,OF,2000,TEX@MIN 05/06/2021 01:10PM ET,TEX,2.4
OF,Jason Martin (17427780),Jason Martin,17427780,OF,2000,TEX@MIN 05/06/2021 01:10PM ET,TEX,0
OF,Delino DeShields (17427783),Delino DeShields,17427783,OF,2000,TEX@MIN 05/06/2021 01:10PM ET,TEX,0
OF,Bubba Thompson (17427784),Bubba Thompson,17427784,OF,2000,TEX@MIN 05/06/2021 01:10PM ET,TEX,0
OF,Steele Walker (17427786),Steele Walker,17427786,OF,2000,TEX@MIN 05/06/2021 01:10PM ET,TEX,0
C,Tomas Telis (17427808),Tomas Telis,17427808,C,2000,TEX@MIN 05/06/2021 01:10PM ET,MIN,0
2B/3B,Drew Maggi (17427815),Drew Maggi,17427815,2B/3B,2000,TEX@MIN 05/06/2021 01:10PM ET,MIN,0
3B,Jonathan Ornelas (17427832),Jonathan Ornelas,17427832,3B,2000,TEX@MIN 05/06/2021 01:10PM ET,TEX,0
C,Caleb Hamilton (17427838),Caleb Hamilton,17427838,C,2000,TEX@MIN 05/06/2021 01:10PM ET,MIN,0
1B,Zander Wiel (17427840),Zander Wiel,17427840,1B,2000,TEX@MIN 05/06/2021 01:10PM ET,MIN,0
2B,Justin Foscue (17427841),Justin Foscue,17427841,2B,2000,TEX@MIN 05/06/2021 01:10PM ET,TEX,0
C,David Garcia (17427849),David Garcia,17427849,C,2000,TEX@MIN 05/06/2021 01:10PM ET,TEX,0
OF,Trevor Larnach (17427854),Trevor Larnach,17427854,OF,2000,TEX@MIN 05/06/2021 01:10PM ET,MIN,0
OF,Gilberto Celestino (17427856),Gilberto Celestino,17427856,OF,2000,TEX@MIN 05/06/2021 01:10PM ET,MIN,0
OF,Keon Broxton (17427857),Keon Broxton,17427857,OF,2000,TEX@MIN 05/06/2021 01:10PM ET,MIN,0
3B/SS,Vimael Machin (17427550),Vimael Machin,17427550,3B/SS,2000,TOR@OAK 05/06/2021 03:37PM ET,OAK,1.57
C,Riley Adams (17427560),Riley Adams,17427560,C,2000,TOR@OAK 05/06/2021 03:37PM ET,TOR,0
OF,Luis Barrera (17427671),Luis Barrera,17427671,OF,2000,TOR@OAK 05/06/2021 03:37PM ET,OAK,0
OF,Cody Thomas (17427672),Cody Thomas,17427672,OF,2000,TOR@OAK 05/06/2021 03:37PM ET,OAK,0
OF,Buddy Reed (17427677),Buddy Reed,17427677,OF,2000,TOR@OAK 05/06/2021 03:37PM ET,OAK,0
OF,Greg Deichmann (17427678),Greg Deichmann,17427678,OF,2000,TOR@OAK 05/06/2021 03:37PM ET,OAK,0
OF,Jonathan Davis (17427681),Jonathan Davis,17427681,OF,2000,TOR@OAK 05/06/2021 03:37PM ET,TOR,2.47
OF,Logan Warmoth (17427682),Logan Warmoth,17427682,OF,2000,TOR@OAK 05/06/2021 03:37PM ET,TOR,0
OF,Forrest Wall (17427684),Forrest Wall,17427684,OF,2000,TOR@OAK 05/06/2021 03:37PM ET,TOR,0
SS,Logan Davidson (17427707),Logan Davidson,17427707,SS,2000,TOR@OAK 05/06/2021 03:37PM ET,OAK,0
C,Carlos Perez (17427714),Carlos Perez,17427714,C,2000,TOR@OAK 05/06/2021 03:37PM ET,OAK,0
C,Francisco Pena (17427726),Francisco Pena,17427726,C,2000,TOR@OAK 05/06/2021 03:37PM ET,OAK,0
C,Kyle McCann (17427733),Kyle McCann,17427733,C,2000,TOR@OAK 05/06/2021 03:37PM ET,OAK,0
C,Gabriel Moreno (17427773),Gabriel Moreno,17427773,C,2000,TOR@OAK 05/06/2021 03:37PM ET,TOR,0
3B,Jordan Groshans (17427774),Jordan Groshans,17427774,3B,2000,TOR@OAK 05/06/2021 03:37PM ET,TOR,0
2B/3B,Jacob Wilson (17427781),Jacob Wilson,17427781,2B/3B,2000,TOR@OAK 05/06/2021 03:37PM ET,OAK,0
3B,Miguel Hiraldo (17427785),Miguel Hiraldo,17427785,3B,2000,TOR@OAK 05/06/2021 03:37PM ET,TOR,0
SS,Orelvis Martinez (17427793),Orelvis Martinez,17427793,SS,2000,TOR@OAK 05/06/2021 03:37PM ET,TOR,0
1B,Tyler White (17427796),Tyler White,17427796,1B,2000,TOR@OAK 05/06/2021 03:37PM ET,TOR,0
C,Juan Graterol (17427800),Juan Graterol,17427800,C,2000,TOR@OAK 05/06/2021 03:37PM ET,TOR,0
1B,Breyvic Valera (17427804),Breyvic Valera,17427804,1B,2000,TOR@OAK 05/06/2021 03:37PM ET,TOR,0
1B,Frank Schwindel (17427805),Frank Schwindel,17427805,1B,2000,TOR@OAK 05/06/2021 03:37PM ET,OAK,0
2B,Pete Kozma (17427830),Pete Kozma,17427830,2B,2000,TOR@OAK 05/06/2021 03:37PM ET,OAK,0
3B,Austin Martin (17427836),Austin Martin,17427836,3B,2000,TOR@OAK 05/06/2021 03:37PM ET,TOR,0
SS,Nick Allen (17427844),Nick Allen,17427844,SS,2000,TOR@OAK 05/06/2021 03:37PM ET,OAK,0
SS,Otto Lopez (17427847),Otto Lopez,17427847,SS,2000,TOR@OAK 05/06/2021 03:37PM ET,TOR,0
C,Tyler Soderstrom (17427874),Tyler Soderstrom,17427874,C,2000,TOR@OAK 05/06/2021 03:37PM ET,OAK,0
3B,Kevin Smith (17427876),Kevin Smith,17427876,3B,2000,TOR@OAK 05/06/2021 03:37PM ET,TOR,0
2B,Leonardo Jimenez (17427877),Leonardo Jimenez,17427877,2B,2000,TOR@OAK 05/06/2021 03:37PM ET,TOR,0
